Date,Energy_Consumption
1988-08-20,808.402786205836
1989-03-13,1013.0713893002046
1987-04-11,874.9519909530907
1985-12-15,883.9250635949703
1989-04-05,1063.1896552095684
1985-05-10,1039.6900260924876
1985-12-29,800.8803495587795
1989-09-09,1108.7684898969817
1984-09-29,1033.6758163724178
1982-08-07,1358.801402163633
1990-11-08,968.1673166070915
1987-08-21,1105.5069940919168
1985-01-22,1007.9928170586063
1987-05-02,1139.5127844464246
1982-06-20,962.7224461383132
1981-07-03,1004.0371686547521
1987-07-21,1087.0566611295926
1982-03-06,759.6819155509995
1982-11-19,1076.07759623928
1984-01-29,659.1462566834457
1985-08-30,1302.1834082862322
1988-01-31,871.9347932094457
1983-01-30,1076.762671016284
1990-12-29,1029.7591968816093
1989-08-29,1063.1133440266826
1986-10-08,1230.8229220683606
1981-10-23,950.0351137525881
1984-04-10,901.0586007795047
1987-08-19,1452.1131732522008
1984-07-12,1008.0395098670731
1988-01-24,908.5373197791394
1988-01-17,862.2477320971681
1981-07-04,1080.8597736929646
1983-06-06,1262.9074957205185
1987-03-25,1095.276804999299
1985-06-11,945.7366899826278
1985-06-08,1136.6844755908135
1982-01-13,1039.5765918037778
1985-03-21,785.9098761493735
1983-01-07,1054.7673369767645
1982-08-29,1122.3637487947303
1987-01-30,923.4176345246883
1989-05-16,1053.63718545636
1987-06-20,973.9523742287568
1984-05-18,1176.4868996830292
1983-06-30,1093.2331421219162
1985-07-27,1370.542127390078
1983-04-17,1317.0886422742417
1981-05-29,1005.5101429799928
1986-07-11,1041.0653377692943
1982-11-04,1048.328650705924
1990-12-17,787.1471518910826
1986-04-29,1149.2686168192881
1982-10-24,1063.8982214124474
1982-04-24,1193.1005696522193
1985-04-24,766.1354654078277
1988-08-31,988.532965816302
1983-02-06,1023.2022442742375
1985-05-05,1095.3018747303825
1985-11-21,1010.6613628100503
1988-06-01,988.2415728591068
1987-08-18,1056.6902668217301
1990-06-19,911.8906583892456
1988-10-07,813.151332551263
1981-07-22,1166.6094263417497
1982-06-24,1234.1156596636642
1984-10-31,1040.6330942385418
1987-02-16,871.1416553000024
1987-12-14,998.8381217726355
1986-03-07,970.4008741636918
1989-10-26,975.6730283169362
1981-08-23,1423.1890449643083
1982-07-17,1412.7643730711645
1985-09-02,1048.0370349287625
1988-07-24,1109.6651150197301
1986-08-16,865.983358191015
1985-03-06,996.2922262898621
1987-02-10,906.1425540680241
1983-05-22,1049.8630649935087
1982-10-01,1012.557150156499
1989-07-08,1043.268056807082
1988-09-13,967.6739246862032
1981-06-19,1154.5171975189712
1981-08-15,847.2532542535178
1984-07-15,1523.4620055836726
1985-01-05,804.6145364909875
1988-02-07,1048.3992423810573
1989-09-21,991.9761538871658
1990-01-14,844.5000503184569
1982-07-09,1420.6079451446767
1983-07-04,1055.028691095962
1990-03-20,910.0607428424614
1984-05-26,925.0083383453918
1982-07-30,1236.2307360986401
1988-01-05,1027.6249520985568
1984-08-15,1209.693835910762
1983-12-05,792.1052630828134
1987-07-03,1305.789567263664
1988-02-29,1084.3643323811323
1982-09-11,1099.5904896736179
1988-03-04,924.1235364149265
1987-11-07,996.1827276965773
1990-03-02,1132.8477879639863
1985-10-11,1074.66549551503
1983-01-20,909.2940888672767
1982-10-07,849.9133592123015
1988-04-11,873.1821536252611
1990-10-23,1035.8656584526389
1982-08-12,1061.9112201634516
1987-05-12,1136.630656833273
1988-06-23,924.3863509738256
1984-03-31,991.8876533485977
1981-03-22,1041.8400663533503
1981-02-25,988.8681021810671
1986-05-24,980.9348080448955
1987-10-02,975.2617157172567
1984-07-14,1577.919417682013
1984-11-20,1014.1454272250556
1989-11-30,890.6757479995944
1989-11-17,1033.6166928772495
1983-02-03,988.2278770924329
1984-01-17,1069.486132728141
1986-06-12,973.5713071364639
1983-05-29,880.5935457853776
1985-06-10,904.6301880773166
1990-04-20,971.2407348072547
1985-12-25,887.6677273768604
1987-08-29,993.5328055365507
1988-09-02,854.3321342199163
1984-11-29,818.3042592635345
1989-02-09,822.0022274538335
1982-08-03,1052.7734929510766
1988-11-03,739.8777035437294
1988-12-30,1052.6987573672109
1985-07-04,982.7681360474314
1984-04-26,852.1222536116522
1985-12-12,904.5098827529257
1987-02-12,821.5776467365025
1987-05-17,881.6611894330761
1987-12-31,963.4739821783375
1988-03-13,1066.7583189626173
1984-12-20,1017.3651956674765
1990-04-29,975.0444950481273
1987-07-07,950.9385147961684
1990-09-09,1348.1934905563235
1988-07-13,1041.8964008186792
1990-03-22,1193.4075279727388
1981-09-24,1265.077361734819
1990-08-16,1111.340260818771
1986-03-01,820.0402807303857
1990-01-06,1147.7165762681643
1983-03-31,1068.2776525496947
1988-03-15,947.2533656857039
1989-11-21,1008.3116060768095
1987-11-23,1028.1364092641563
1989-09-03,967.0073746092031
1988-10-02,994.9822301190334
1988-03-12,953.8827687391527
1983-06-20,1197.3369032572693
1990-02-07,782.5537130561679
1987-07-29,1075.3729471182228
1984-11-22,1137.7147298300783
1990-04-25,1003.670438039923
1985-12-27,1052.252051344581
1989-11-19,976.9361871827629
1983-12-12,1002.4859452534245
1988-06-22,1100.036802495689
1988-11-12,981.9817625862836
1985-12-05,1134.5016787931293
1990-12-23,901.7338359746259
1983-10-30,1157.1236569827795
1985-04-27,829.6804491613648
1983-05-25,1009.1653380862771
1986-03-31,678.2204451184645
1983-09-13,1077.4181148110297
1988-08-06,875.9298672009223
1989-03-21,965.8129020719704
1981-04-26,1151.3921775037297
1984-01-27,1068.8713693389407
1988-04-08,1177.64488213369
1985-04-03,941.1499375767326
1990-07-23,917.4887158496635
1981-11-22,889.6547787724443
1983-04-04,969.673322244812
1981-03-08,1099.802707262108
1984-02-05,936.3598856686514
1985-01-03,922.6907252767234
1987-02-17,926.9165102273332
1985-02-26,1117.7559397066057
1984-08-30,959.2171753106544
1990-09-28,955.5711142102099
1983-08-18,1280.8352031923132
1983-02-12,1064.539615743975
1990-06-27,1167.5075671121842
1990-05-12,1014.3531997366334
1984-12-09,963.2967073183554
1986-01-25,866.8498197577023
1986-11-05,983.7606985602498
1985-11-09,967.3271090451608
1989-08-02,987.5894220842938
1983-01-05,756.4605120700091
1983-10-11,958.2417854613776
1986-03-04,1062.524112123232
1981-08-16,946.0121610672861
1987-06-06,1125.1734872187405
1982-08-13,1113.3569629421718
1986-12-04,1156.705979538277
1983-12-14,1096.2648094256788
1986-10-21,966.3255269495859
1981-03-05,1001.5876797880693
1981-07-14,1202.789155089165
1986-12-02,801.7549014713284
1987-09-04,1119.452763294625
1986-12-11,1039.7159453825432
1989-10-07,1092.6896409249343
1989-07-14,1414.0113103196807
1990-03-31,1067.2512208082364
1985-08-27,1097.0840700859856
1982-04-21,1154.3885380741117
1985-06-23,1420.6556213399256
1987-05-10,757.1675793261592
1987-03-29,856.2989510333115
1981-08-22,1146.7594153457019
1982-06-27,1340.6375883478224
1983-07-02,962.282166904316
1990-08-30,1153.1134085451288
1985-01-02,655.9636394627562
1986-07-22,1234.1298200367867
1988-04-19,987.4314042224647
1988-01-03,952.7547350748097
1982-12-06,971.3394855010374
1986-12-25,1107.8505687208612
1981-08-06,1135.1125855871571
1988-12-27,987.4085794830911
1981-03-18,988.3409792338821
1983-01-12,861.2370575864729
1985-10-10,941.1840789290297
1986-09-13,965.6750066227017
1990-01-26,892.9724161618551
1989-09-30,1206.6750234829178
1982-01-19,818.902541491637
1982-03-20,1079.6705064381397
1989-05-14,746.7761398737246
1985-06-20,1144.7336484426012
1985-09-07,1042.5993085500377
1987-03-28,937.6167107655663
1981-08-04,1017.3121970243435
1988-02-06,758.5121270654158
1982-07-27,1455.4333149343836
1981-11-17,1003.8597222941432
1982-09-01,1092.7880479044557
1981-08-29,1087.3861081332557
1985-09-08,1409.021302255987
1989-07-01,1091.193288738467
1990-02-15,958.830481325858
1988-11-21,778.4396969161811
1981-01-20,944.6797063596155
1981-04-29,998.3749211497721
1988-08-16,886.1341634610452
1989-08-11,1095.0136409963022
1987-11-30,1133.7603662374288
1986-12-13,827.4544002104234
1987-05-11,1023.4694134959344
1987-06-17,1335.6010149175665
1990-02-09,1147.897208272758
1984-11-06,787.8350548364274
1984-12-10,1084.658869243888
1982-04-25,1210.2517235436105
1982-05-13,979.2462329717405
1985-10-17,1038.6025373089592
1985-12-22,897.0665565780113
1983-04-19,1058.5387312671708
1989-07-30,1013.525656357176
1984-04-14,1086.3695776946367
1990-01-22,1010.6851208305737
1986-01-01,1000.6289064661697
1984-05-03,853.27746117525
1983-11-01,985.3455408214352
1987-08-07,1262.8622972181113
1987-09-15,1006.8798132452989
1984-02-28,928.438644321812
1988-06-29,887.2052469804626
1982-10-25,904.305844856159
1988-04-06,1133.3487947002284
1982-01-04,930.579618714285
1981-05-23,985.9677396025294
1986-01-08,1001.7540120225246
1988-03-26,912.4146976922798
1984-05-28,1026.3666887539891
1988-07-12,1336.4212056583765
1982-01-09,1093.7569902468301
1987-03-15,579.0922290034218
1986-12-08,920.5984116362539
1981-02-06,926.478184620649
1989-04-25,986.0829403887698
1981-01-30,916.4088534920139
1985-04-12,638.8631795131098
1984-03-16,812.9458016205825
1985-04-10,927.8608307277842
1982-12-04,1025.7349657078032
1982-03-04,1024.1018480309408
1988-02-22,839.9566014771307
1982-04-13,1152.324009004256
1981-04-05,878.8214933798728
1981-10-17,887.8156020430422
1984-01-21,970.7409753990723
1988-02-18,917.5026698160805
1984-03-28,1068.779600283245
1990-06-28,1392.0548602645579
1990-11-15,619.9478109786221
1983-05-17,1386.996459975235
1982-06-25,1482.2124118092179
1989-02-25,881.9464223201126
1984-09-08,626.1730036466331
1989-06-24,1124.824914105932
1988-10-30,1054.5757003259248
1989-05-07,1046.0328910932185
1989-06-14,950.0131766116175
1988-11-09,979.7544564365108
1990-11-06,1074.7921863416386
1984-06-12,1212.758993503081
1988-05-26,1141.4708977585763
1990-09-05,1027.0930498820221
1990-10-07,1136.1434085378585
1989-01-12,966.4387044981017
1983-08-08,862.043234511155
1990-10-17,673.3080722229465
1988-12-04,873.8431023075399
1986-09-30,951.6324335576545
1987-07-09,1228.3635623658377
1983-06-14,1227.4033569183764
1988-02-25,1100.7354789960236
1982-11-24,816.78570649886
1982-02-25,1034.1159834307787
1983-03-08,1027.3834860912534
1986-05-08,870.344382083562
1989-02-27,1055.5219229383263
1984-05-25,968.0034253827506
1988-09-12,1005.0212010185455
1984-03-14,912.6662424675326
1986-02-16,1013.5557180875695
1981-10-07,876.294632880685
1989-12-05,1104.8525108896538
1982-06-13,1074.778905846072
1982-06-14,1125.1781133492364
1986-05-11,1331.760163792205
1981-12-24,1021.6102680832996
1988-08-08,1064.3641503245738
1985-04-22,998.824860528341
1988-10-19,1007.0346355578893
1984-07-26,1386.1175363626248
1982-10-21,845.0771272786003
1984-05-02,1033.7048041409546
1989-08-14,1364.7614528312731
1990-04-06,1197.0332225044551
1985-09-22,1031.9049706113385
1985-07-09,1307.7843825846294
1987-10-11,1077.6984923148525
1985-06-21,1180.811798404936
1981-06-25,1323.3359071798225
1990-04-11,925.1558518966591
1983-08-28,780.0572061912646
1983-08-11,856.8376281817159
1982-04-15,835.6368636940791
1990-08-25,917.7481928213126
1981-12-02,962.8868858258033
1985-12-03,948.2839194260582
1987-11-12,928.3278161669134
1982-01-10,1179.1545889601766
1989-08-22,1022.8294310054132
1988-08-01,956.7711645180057
1986-05-04,1016.5356600975512
1985-01-09,926.7349883271535
1983-02-19,948.110295171169
1987-05-20,929.6595508018897
1989-12-14,995.555150591914
1988-11-16,930.9946178871883
1982-05-21,973.0279609672542
1990-11-11,1114.652186752095
1982-03-19,838.7974850501442
1982-01-08,1098.7069071929534
1986-10-07,958.2554640868614
1981-10-11,1171.1820465594303
1987-10-04,988.9100741518381
1988-02-10,869.9360569779224
1984-11-28,952.815722908782
1982-02-19,913.0339944630707
1984-05-20,1098.682531771537
1987-01-31,927.709980472525
1983-05-02,997.3296348530027
1988-04-05,981.7676333907405
1984-04-22,963.5894884602069
1988-10-14,1162.3973150668962
1984-07-23,924.9848820710133
1988-06-03,1172.9815135648118
1986-05-30,949.5186595171592
1987-02-27,712.9074713551025
1983-05-13,1049.9767003737245
1984-09-30,1118.6113975260141
1986-07-12,822.9697998197029
1983-08-10,964.0822528147735
1981-07-26,924.4019685435261
1984-12-14,808.1748566549159
1984-09-25,1116.513663783399
1983-03-20,1047.971967240978
1989-09-12,894.8322249847764
1990-07-26,1104.2208682859878
1986-06-15,1168.459513004701
1981-08-27,1115.9653161545812
1984-03-27,1252.6413900576879
1985-08-17,1127.943670900392
1987-11-27,950.9660949406842
1986-07-17,1060.9732015064499
1987-05-21,1092.865282213392
1988-04-29,910.5965789250615
1984-10-05,979.6008549452994
1990-07-17,759.3919589496224
1988-08-04,912.3209905629269
1989-11-27,1012.4619615490727
1987-04-30,1033.7327557910933
1981-04-22,920.537580123648
1989-04-19,996.6278804356839
1985-04-09,969.3317485197487
1990-02-02,956.3804619452402
1985-02-11,974.4154889735953
1984-10-16,1447.8467579190842
1988-11-20,1119.2032416343122
1990-09-19,1148.9307345624206
1988-08-24,1190.2057030506453
1990-01-31,1023.669904679876
1986-05-23,1027.8559487800298
1985-03-03,1160.0107464041712
1987-01-28,894.4836556811022
1985-06-07,1071.4920929701877
1990-10-02,970.8022371949237
1989-03-30,1060.6283091943346
1987-04-26,1149.4083323443137
1989-05-31,932.9295912148036
1983-09-29,1020.2193922068285
1982-04-17,839.1506607215176
1990-05-17,865.6221001729266
1987-06-07,1051.8683275844692
1989-01-16,1018.9677239330724
1989-10-27,1131.0836989618547
1987-11-28,1150.2595674991637
1984-11-19,1001.1955942215118
1981-08-08,942.7326378955835
1983-11-10,1151.17061219223
1990-09-03,1156.9198457517964
1983-06-27,1336.1305860924892
1984-11-05,972.2865786442558
1984-11-11,1057.9382029258345
1983-01-19,929.1005509311719
1989-10-16,1067.9082848278488
1988-10-04,1185.308127111378
1988-05-14,1030.758842839874
1982-06-01,1145.27812750402
1982-08-28,1011.4453066539098
1985-09-26,1229.041116639037
1983-09-16,1298.9851641206042
1984-05-27,1240.7655899604526
1989-10-21,1088.3512942164853
1982-06-10,1061.8294856564314
1987-12-17,764.7157360246168
1983-02-14,1043.7933143899947
1987-08-22,1078.5370607452473
1982-03-05,1031.9689249640458
1981-05-11,888.2920805796946
1985-10-20,943.2535641250498
1989-12-08,968.4180820608873
1983-04-07,1267.639130423554
1981-04-18,1028.1038704683433
1989-10-18,991.1669772309378
1990-03-28,819.9585957759887
1988-08-18,977.6577527330512
1989-09-27,1176.808159137012
1984-01-16,1100.5184206285414
1988-03-20,1072.6975790268561
1990-07-25,983.6837005031722
1989-01-01,842.1314791935093
1989-02-03,1122.0962708614493
1990-08-15,961.9211619249995
1986-07-01,1340.939240106972
1990-07-21,1170.14509088118
1983-09-17,1016.133699998984
1982-04-09,889.3663603131864
1988-06-14,1108.4782871677437
1988-02-11,941.2287521655289
1982-01-24,1030.7343116543032
1990-04-27,1019.5734352155346
1986-04-19,1122.3510644055373
1987-02-21,827.324978329444
1983-10-15,798.0437477537129
1989-11-01,1048.0538084241273
1990-12-22,952.2514208583357
1982-11-01,1004.5007258745112
1990-09-02,986.1572970689605
1989-06-06,1192.9297271707176
1990-01-21,1112.2556984796881
1985-02-20,949.0789417059802
1989-05-25,876.4153945642194
1990-12-07,796.2666294407688
1990-07-30,1293.8942039072758
1988-04-13,1016.7951467450404
1983-05-03,956.1520842158691
1982-07-04,1189.8412937266287
1986-12-03,971.6305089570923
1987-05-28,1239.116106357623
1984-09-05,1260.3412439850013
1984-04-18,956.0139488038375
1984-01-15,918.8631350816587
1987-12-29,1088.3785872308313
1985-04-11,992.5426583032638
1986-01-29,884.8439472978692
1985-03-26,911.9697618081586
1987-03-31,1037.8979592300182
1988-07-03,1250.402171919638
1983-11-22,927.2585322101328
1989-02-22,775.3972515871815
1984-12-24,1132.4807429078078
1987-12-24,1081.7481508874826
1984-09-21,1247.4020060469443
1981-09-02,820.4251776051384
1984-06-19,1061.6443575422227
1985-02-07,1003.7657990470758
1984-02-15,842.7673239921344
1987-07-17,925.6066337579582
1987-11-08,983.2493814439288
1981-06-20,1237.5255585997038
1986-11-19,867.9036094613751
1981-09-17,930.0059880685704
1986-02-24,828.9841456412229
1988-08-03,952.9548895630724
1988-10-08,1131.809372706793
1983-07-27,976.2187521359085
1990-08-22,1208.2421425908096
1984-12-01,1058.4032071684069
1989-02-06,1047.990554476828
1985-02-04,1170.0237476679238
1989-08-03,1146.8289720586222
1986-07-21,1047.304319599605
1986-07-18,1027.2528071993165
1984-01-03,899.9354887437216
1988-12-23,891.3974185452679
1990-05-27,1117.2582178657115
1984-04-03,942.2240544113591
1982-08-24,878.2971290908888
1982-11-16,889.8588525648922
1981-02-18,1093.9294641160827
1990-06-11,1231.2659196342884
1986-12-30,795.675081764948
1985-02-27,1020.2124606665702
1987-01-12,898.268835528413
1981-09-08,764.335634506173
1984-02-06,1067.4831740207146
1987-02-08,741.8886535638821
1985-03-27,1068.9122638576187
1986-03-02,789.3581674121526
1981-09-26,948.3145782001895
1984-09-03,1123.1082035010897
1990-11-22,906.8784098776881
1990-12-06,1129.5103788084862
1983-04-22,1128.7472225066704
1988-09-14,1305.4839992201785
1988-12-03,1027.6196248990286
1988-07-19,970.3614987204796
1984-09-14,1277.1456923579474
1981-12-14,788.2310648905544
1985-04-30,975.7470763480552
1983-01-26,1000.1376769891336
1985-05-16,905.7749114187085
1982-05-03,714.1072509769522
1986-01-15,968.4905469034715
1986-07-04,860.6627200671641
1989-04-11,1119.6227323580724
1983-03-02,790.5162639941996
1989-11-28,1033.3538810237053
1990-03-24,1044.8471025658746
1987-07-26,1281.7360309043595
1989-01-09,1127.2837023533898
1985-12-19,1190.441141881147
1988-06-27,677.6419254563181
1985-08-24,1156.7838011526096
1990-10-18,1062.9372336753231
1987-08-08,933.4304179103036
1988-02-01,814.4991057487041
1985-02-15,735.9095045819706
1984-07-02,1365.2206035131023
1990-01-04,913.6604354144135
1984-02-09,896.692619981007
1982-09-26,966.0610135408517
1981-12-21,1043.8813967620706
1988-12-05,1051.0133626673587
1990-01-09,1008.3041424294408
1986-03-22,928.3850828530628
1983-09-14,1031.2260001156874
1989-08-09,1229.1065498080077
1985-06-29,973.4991579073826
1983-07-08,793.9103887729698
1987-04-10,1243.9840588680613
1982-10-02,994.6534739920104
1985-01-15,878.9277374420535
1982-03-29,965.0394967933645
1982-09-17,947.8055813171252
1989-03-18,922.7272229685555
1985-05-21,850.4706301211128
1986-11-17,1071.6978086828553
1985-08-20,1123.0820235339943
1986-02-19,981.566393961534
1989-06-28,1446.486360507513
1984-11-10,1058.3410950939422
1986-01-13,950.9585482295499
1988-11-06,929.492316937421
1981-12-27,935.3400163171112
1984-05-24,1240.0762851961842
1982-09-13,1094.623160726548
1986-03-18,801.0565200099912
1989-10-03,1019.5985540215265
1989-07-02,1448.0631501860041
1986-06-20,1173.9118380574432
1987-05-07,1072.2950732283384
1990-05-24,1073.7049985269284
1981-03-06,1018.0843237836141
1989-12-16,918.4596588753898
1987-01-14,867.1895214825192
1988-04-28,1022.438258690641
1984-06-14,1135.4369815138439
1989-05-05,1106.8832499277103
1987-04-18,1098.1619751938324
1986-11-10,907.1141768320832
1990-03-10,839.4805583934169
1985-05-26,1238.3191813323826
1985-10-27,1123.5007547900802
1985-03-25,851.4499938526991
1982-07-22,1355.6120436470308
1982-12-16,863.2869563047889
1987-08-20,993.7549235622566
1982-03-08,781.348909069581
1984-01-06,929.6134741257209
1982-10-17,1173.1687769822388
1981-03-21,850.2375156112337
1985-11-11,705.0797103630886
1985-05-12,877.6262900956584
1990-01-15,1044.8943241051622
1983-10-10,1299.8306569913125
1982-09-20,1283.0032775360307
1985-01-16,987.5440735076584
1985-11-30,1034.830977649537
1982-07-15,1243.4978949325666
1985-04-14,951.4356459503994
1986-10-03,987.509397876905
1989-11-16,961.0311966346379
1990-10-29,893.4044121786068
1987-05-31,1203.951465371325
1983-10-03,1141.9762052598473
1990-11-14,1210.6771654143904
1984-11-25,797.7876403423182
1985-10-06,1219.5369405252386
1990-02-23,1136.5880704611657
1986-03-20,1058.3923877691898
1990-12-11,988.9334327612204
1986-10-29,931.6880492980978
1987-11-24,813.9842943162155
1982-03-24,912.1196913891055
1982-05-31,1201.781123300292
1984-01-13,661.6537941136231
1982-08-20,1022.2723714704981
1990-04-01,924.0513701396898
1982-10-19,997.0747081751294
1990-02-10,1057.9269792416467
1986-10-31,931.7774805504513
1990-08-21,964.2659529516568
1989-10-31,1138.419474681336
1987-05-23,843.8678676714316
1982-10-30,1083.1351317155775
1982-09-30,1096.9771505854956
1986-02-18,808.4490162433854
1984-06-10,1252.1146916843745
1987-03-13,679.7275858562389
1982-05-05,986.2066592960964
1985-07-29,865.7867867557261
1989-07-13,927.0509607588061
1985-08-13,955.0447277435078
1987-12-19,997.1031076911422
1987-06-23,1021.0299819087064
1986-12-21,904.1327219592405
1983-05-14,793.7373659623897
1984-05-17,1090.093860762592
1984-04-12,878.7934114558898
1986-05-10,883.4547369733928
1982-06-22,1095.2035224263884
1987-09-11,1095.138391961665
1981-02-26,768.5837896943984
1985-02-24,1019.9374744992704
1983-05-16,960.5917088035625
1987-12-15,1030.4210058815756
1983-12-16,889.6137637853595
1982-12-28,1075.3479350543091
1990-08-04,1102.6349575019033
1986-03-28,1070.8250601503726
1988-07-01,1102.1297998852533
1987-12-03,1161.116257928401
1986-10-20,1021.4646236587956
1988-02-09,969.5647215075332
1986-05-26,1234.5324838309994
1988-06-09,806.1529665983994
1987-06-22,923.6799941425164
1986-04-03,938.671094285285
1990-01-02,978.4795318528127
1988-09-21,936.7053300329931
1986-01-27,1048.6832177757829
1987-07-24,1429.941919834437
1985-02-14,852.4054634164117
1988-02-23,1037.831292485247
1984-10-24,1066.5012429185851
1984-11-07,838.6969128275327
1984-04-17,905.9303547721718
1990-05-31,1049.0051219553663
1986-07-24,904.0768964928725
1989-10-02,1175.1033075717612
1987-09-22,1099.8937002814657
1981-11-01,1113.861876706202
1985-11-14,969.0328977240777
1984-06-25,1064.9400152283324
1985-11-22,847.5056392822544
1983-08-24,1237.3330517012453
1987-11-15,885.1542304530649
1985-12-14,1083.4817278085459
1985-06-18,996.5578836816047
1987-01-20,931.7191348240099
1984-10-13,962.9266150196312
1984-07-17,1098.2120188937706
1981-12-23,1071.2757634908749
1984-10-07,977.9974464692872
1986-02-02,898.989645544888
1982-10-13,1161.1244418690228
1986-05-12,779.9794860168465
1985-10-24,968.5658181256134
1982-11-08,826.5402021827869
1990-01-24,1066.572174525162
1988-06-19,1259.5838705372878
1989-03-08,892.5984594130744
1989-10-04,1089.9240060580432
1984-04-01,813.4822483725401
1987-04-04,850.6096170677384
1987-06-11,1069.5987474581393
1989-10-05,648.9134404410636
1987-04-16,1188.1436995596187
1988-09-03,1170.4087043190013
1984-09-26,1062.932143371062
1983-03-05,887.9429725523898
1989-12-20,1156.1079285979747
1981-05-28,1022.9699447018835
1983-03-07,1002.8798039403275
1981-11-27,847.7092737474112
1987-10-12,1197.9328417119414
1982-12-23,829.0856560527407
1986-05-19,986.4145563221756
1986-12-15,1114.6651064094976
1990-03-26,941.9944104007021
1985-10-18,734.0368371068552
1989-06-03,1568.630445991917
1985-05-30,822.0820726515178
1982-09-18,960.9315681795889
1982-02-18,1031.6562883907127
1985-09-30,998.0960190885328
1989-11-08,910.2223321380623
1990-03-23,930.2116868117827
1986-02-25,1081.607469944845
1990-03-04,1098.9570415373614
1982-05-20,1002.6287876000791
1986-08-28,955.1491679042346
1981-12-16,971.3748239866701
1990-10-30,940.6954079162554
1988-07-22,1105.9020173593908
1983-03-01,917.7261833354826
1984-08-23,1218.3907024956166
1988-05-04,934.3429257343747
1985-07-14,1180.9128772734473
1981-11-07,960.0575752172476
1989-02-28,950.8402390441865
1987-03-30,874.1414436093528
1982-11-03,825.0026524759467
1984-03-30,826.9217370964568
1984-06-05,1096.395137504124
1987-02-13,945.1226490656248
1986-10-13,872.0391978073857
1988-07-25,1021.9987102325747
1989-12-02,1032.855897896207
1987-07-11,1019.6821162819102
1981-04-02,1066.0098571444446
1988-05-20,1020.0073204086206
1983-08-07,936.5647738903447
1983-08-27,1048.7006842339063
1983-04-29,901.420113914683
1990-03-16,901.4735684802802
1988-11-26,906.5842123971782
1986-05-16,858.4839349403346
1986-11-03,877.6505886026326
1986-03-09,893.0751827452585
1981-10-25,1069.1557735563174
1987-11-20,1060.6667628963992
1987-05-27,1197.1326886441668
1985-07-26,926.3426065324534
1989-09-04,998.974793466989
1990-01-18,951.2995493330723
1982-09-04,1298.6905353180462
1987-10-20,1011.500807030562
1983-07-13,1200.355901711553
1986-01-30,1058.1655055803249
1987-02-19,998.0887222980516
1984-01-12,1023.7415679115215
1984-01-01,1069.5892233883533
1988-01-06,855.1210870826046
1986-04-14,1049.3439705276455
1983-04-09,1031.707126324279
1986-03-29,1044.5289426423847
1990-06-09,983.3275125536692
1989-02-04,921.1966693571261
1989-03-15,912.8425792938295
1984-08-02,1000.0888918919619
1983-10-05,1117.9141422567077
1986-12-16,922.3656088685044
1986-07-06,1204.229960654979
1985-01-25,942.9991513273569
1981-01-26,933.0144133046114
1982-05-16,1370.415326904983
1984-02-07,1190.866110327925
1984-11-12,1055.5379050402769
1986-08-13,1348.7088533631893
1990-11-18,796.6165986158294
1990-06-02,1035.7347218077966
1989-01-21,1034.6959608589984
1987-07-15,934.0517451352902
1982-08-15,1107.8741654722457
1986-11-09,1162.6595264823177
1982-11-26,1070.315052805961
1989-04-18,845.037527832339
1987-03-11,986.5962289124953
1987-09-26,933.7054169188712
1987-04-01,808.0535617011182
1983-10-14,890.6217787347405
1989-01-13,902.3184064798157
1982-01-03,909.8682645369092
1989-07-04,1073.4060337947783
1990-02-14,993.6355707795241
1987-06-04,785.5715672112769
1984-08-10,1248.5156304545399
1985-12-09,975.4846075140281
1990-06-12,1091.3660383706165
1986-02-12,1115.8468092499702
1987-12-18,935.5255869082472
1981-12-18,1009.749074420251
1983-09-21,1010.7607382555515
1986-02-28,969.5232108268763
1983-01-21,896.6307229803838
1986-06-05,900.0279236271114
1986-07-07,1162.4407241474694
1990-01-28,1002.7238034644729
1981-05-01,1123.636002710181
1984-12-15,964.5259933447287
1985-11-28,927.4486446864735
1984-06-02,837.5195751064492
1984-02-24,779.4620732502957
1988-09-07,1173.5294850456573
1984-05-08,1209.705758405057
1984-04-20,948.715458978762
1981-04-03,860.2757798280259
1988-09-28,1044.5452103416949
1987-11-21,1027.9959101564184
1984-10-20,1059.2683445980574
1985-11-23,978.6915730455925
1982-11-07,811.9271561607987
1983-10-19,876.2157729206677
1981-05-16,1025.6951916426829
1984-10-03,1085.2275434728622
1988-11-22,592.1515517600865
1990-01-30,960.7840911475542
1983-06-18,1454.5720556536621
1989-09-01,1087.1904049893133
1984-09-28,1136.9357622967127
1981-11-11,1084.0656318673268
1982-01-26,877.8051074970064
1981-06-07,1317.2006062094556
1984-08-17,866.4889982765246
1984-12-29,1125.752127942433
1990-12-13,880.6490811688095
1987-07-18,1108.1862671376757
1982-03-10,1045.3227288965224
1982-05-17,1216.4359365790099
1984-04-29,1159.3492881234263
1988-03-23,975.1597625720499
1987-03-18,807.9796883210628
1984-04-30,866.3854500512202
1990-04-16,878.7113102065629
1989-01-29,1041.5919344490942
1988-05-03,1084.6348970148647
1985-07-19,1298.659102367749
1984-05-31,1140.9313973649741
1988-04-17,969.8981995657718
1987-11-17,920.4947309348512
1981-10-10,1150.0736076325682
1982-05-12,867.0755452148144
1985-12-17,864.0423610967403
1984-05-21,1033.644538498508
1982-11-29,831.6593422350807
1986-05-20,1119.9917393800886
1987-09-05,1285.947974710532
1986-02-01,1042.8270536390453
1988-02-21,878.5247328420171
1988-05-11,899.0377479823667
1987-12-11,880.4732109390084
1983-12-02,744.8229722069682
1981-05-06,961.7826104203663
1983-10-29,1023.7070389362505
1986-06-25,1204.1478418648041
1981-10-16,998.8009751514606
1990-10-21,810.1604564069027
1984-08-16,922.2841316248865
1988-10-06,1018.5074601603797
1983-09-03,777.2531635863514
1986-01-12,797.2386591829772
1989-05-04,898.2904171730447
1986-10-17,1184.8165071503774
1982-09-19,1132.7667951601452
1989-03-14,634.5495600659108
1981-06-12,1265.9858796486703
1990-09-29,1174.6058516318365
1985-07-22,841.639455344015
1987-03-08,1133.9888035131087
1981-11-08,1033.248078552604
1987-07-04,1378.55865542743
1989-06-27,1269.13873842182
1986-07-27,1160.1173980181097
1990-12-27,937.3409458995949
1988-06-17,1428.7363455783106
1984-08-07,998.9080190536789
1986-08-05,1075.375393538817
1982-08-06,1185.7732825762816
1987-07-16,1187.3579247787477
1989-07-23,1274.0261941284937
1989-09-25,929.1289566070164
1984-07-30,1022.0626934685241
1981-05-20,917.037783582126
1986-05-28,1091.218556848714
1989-01-06,938.6071420068428
1985-11-08,1068.7048840978491
1983-05-01,920.6964061036659
1988-01-27,1096.3465260228274
1986-02-23,863.2020851520505
1981-10-04,1319.7616792700237
1982-09-29,1213.8805058400344
1983-11-07,1156.3616011743431
1986-10-22,1055.875087830461
1981-10-21,1060.9133698947717
1984-08-26,1085.860764157227
1988-05-18,928.1073214315453
1981-11-04,945.205639674059
1988-08-12,1231.5363115220969
1984-12-25,1031.523528756499
1985-01-20,836.3809016606835
1988-02-08,1080.0189958366595
1987-03-16,1031.7493176190194
1990-03-07,736.296849638412
1981-03-14,1027.6139249255687
1990-08-29,837.9826110390798
1983-06-17,1428.7899630118093
1988-09-22,960.0638814216904
1989-09-06,1163.1585855119943
1987-04-25,1086.2882658625758
1986-01-03,1088.4591903155417
1981-08-26,1036.539555456049
1982-05-26,1040.3254540174498
1985-12-21,853.3015960663811
1987-12-06,710.3474900199035
1986-07-20,1117.9386789832702
1985-03-14,948.9583782203915
1986-10-05,815.8673834194772
1986-01-16,1070.1733596660308
1983-10-09,1324.6916730081798
1983-04-24,1084.564355829385
1986-12-19,892.0376739940039
1982-01-17,976.5483003916064
1986-02-14,758.4464050573392
1988-01-20,1012.4217187012481
1988-06-28,1207.036293906653
1983-08-05,1154.74660545086
1984-08-21,917.7089135930312
1987-05-08,748.4539270129961
1989-09-23,1120.1381926643085
1983-01-29,964.1089961022424
1981-04-17,1126.022761470614
1985-04-01,1005.1110903226436
1987-04-20,907.3397055546283
1983-05-24,895.976724313136
1983-07-07,886.4528826275572
1989-08-04,1027.989030307744
1985-05-03,927.5279976871567
1982-06-21,1227.9882001382236
1984-06-21,1048.427136494595
1985-11-19,958.4758364175103
1987-02-25,1144.1979083375545
1982-10-06,998.6025932638555
1984-06-30,1183.956276767786
1981-07-12,1063.5237121074156
1987-04-21,951.4473295715463
1988-06-16,1175.0472388730948
1986-09-09,1199.6036342090424
1983-07-28,1031.7669014218823
1984-12-19,1101.1147859570444
1987-02-14,823.1485783733848
1989-03-16,965.7428664103873
1985-03-24,999.5759449394166
1983-05-23,1013.9923129640163
1988-12-24,1041.6556860683556
1984-07-04,1195.109815661957
1987-11-29,1026.9809277764846
1986-11-02,1064.6848216634587
1982-09-07,1332.808539523594
1986-07-10,1078.4335139443176
1985-09-17,1068.6041035290061
1986-04-30,1137.6862040274223
1981-06-08,1280.186812154437
1986-04-05,956.6627653499031
1990-06-18,1056.2177431903324
1986-06-11,1058.610069607075
1987-06-01,1069.3637704223786
1983-01-09,1077.9109591440974
1988-10-01,1047.7977569513082
1987-05-18,1021.9284926712533
1990-02-01,1011.7630342324668
1981-01-31,897.2752315148233
1989-05-22,1006.5971138990319
1981-06-15,1164.2144659359897
1985-10-23,1120.326390975852
1983-05-19,1192.2755633845682
1986-10-28,1055.4080360387266
1983-06-29,1512.5655996797536
1981-12-26,1003.6791145363895
1984-05-22,1049.9641926587442
1989-05-21,1380.245083765745
1982-03-28,954.6763044807702
1990-10-14,1102.2774520425926
1983-02-01,981.274331801093
1985-10-12,793.7824840738023
1983-07-20,1207.2722034253268
1985-08-02,1234.5267548813883
1990-11-24,988.0109121370274
1990-11-23,996.7180769077987
1981-11-15,872.2859510604387
1984-10-14,1151.7388022840128
1982-07-10,1274.3537555620528
1987-08-31,1108.1323664459883
1985-10-21,915.0058804660042
1986-10-14,990.6054575608963
1988-10-31,601.3836464574563
1981-11-10,1065.925425031246
1981-10-22,1016.9909042288419
1982-12-03,939.3364832582379
1981-11-12,1062.6471130932255
1990-05-28,1034.78833232823
1985-10-31,915.7752193152872
1989-04-23,1083.758482018801
1987-05-14,1022.2202927505723
1983-01-27,980.4161141580719
1985-05-18,1280.654767412897
1984-03-23,831.3654923394157
1989-04-17,966.8240936592924
1984-06-27,1103.233960177658
1989-02-20,853.5186938706886
1986-10-23,1374.4447557770036
1983-07-05,1145.1827447401581
1986-05-17,940.9180819489266
1981-04-04,905.59079836937
1988-11-30,959.890172455861
1986-04-02,774.4715704705008
1989-04-14,1079.7631414208035
1983-09-05,704.6580424472071
1981-01-21,928.6352171027927
1983-05-31,1171.170709917706
1985-09-28,938.0027934758915
1983-03-27,738.6677695041026
1989-07-29,999.3460062669279
1982-06-06,1302.6157592374811
1990-03-03,1051.6143204740645
1982-02-21,1146.192442580299
1987-01-07,1097.0249828780525
1984-09-06,1091.0374113257053
1984-11-21,814.1254194266232
1990-08-14,1178.2727261139503
1986-05-13,1090.1506563870469
1989-03-10,982.7554915497059
1987-07-14,1314.9638674053763
1981-01-14,769.0959165601267
1982-01-25,931.379284470434
1987-06-25,1351.6850153433047
1990-06-22,973.125604655578
1986-12-12,1102.256626478222
1990-11-05,1010.6854746913069
1987-03-06,867.001680127555
1985-09-18,952.4920267732562
1988-03-03,895.8485389929547
1986-07-25,1421.971853579124
1984-11-01,987.1415718096948
1982-07-14,1034.3936788603328
1990-12-12,990.4386631319899
1981-08-18,1189.7885616033323
1984-10-21,1126.036491733072
1984-01-09,764.379123443035
1989-08-24,912.1138448011
1981-01-16,884.2189725710056
1982-10-04,1009.9806268367367
1981-11-20,1137.899197895873
1984-08-28,1095.111987986241
1982-03-11,1207.283037652733
1988-01-28,1006.6155368008863
1981-04-23,975.050970714553
1986-08-24,1098.6096427129842
1981-05-30,981.729274799743
1981-05-09,1026.551916754785
1986-05-01,1016.3964182255688
1989-08-18,915.4414654560086
1990-07-19,917.361276549032
1984-04-11,1059.6059215332589
1987-08-04,1006.0791408867099
1989-08-26,1172.9747718186823
1986-08-08,1165.76181390299
1985-08-25,930.9036774973595
1981-05-03,1126.8947137333423
1988-04-30,685.6439329026589
1989-11-20,1165.5112430334834
1986-03-10,899.6729134828563
1988-02-27,981.9147857179432
1990-04-28,720.3548806718507
1990-10-28,816.029091246589
1987-10-03,1027.414031296682
1988-05-09,1043.6731469148096
1982-11-11,1007.3227774525802
1990-10-08,1246.83901870941
1981-04-09,974.5873594533131
1984-01-22,1040.662409817943
1988-11-05,1197.9537345305341
1982-08-22,1099.928461184896
1986-10-25,904.3304138280567
1990-04-15,1030.7603815613502
1989-11-23,1011.0786485152596
1983-06-15,1098.330688445705
1989-08-31,1044.138804663505
1988-11-07,1038.4164990021807
1985-05-04,1058.0543392178351
1987-11-10,895.8768084658151
1985-09-19,800.3370702375908
1981-08-09,1156.1462081587201
1983-02-25,1096.5762091901192
1988-03-07,1036.008173222477
1984-12-26,883.0185501231423
1990-10-13,1064.6671264324266
1983-03-19,790.6991513386571
1989-03-29,929.9327476886851
1986-10-06,1033.9693197307122
1988-04-26,1106.91052801348
1985-04-25,1121.8449768887403
1988-08-09,1041.7891887279143
1989-11-14,881.0186239802284
1985-03-07,1047.1213413812475
1986-11-27,926.5067118105607
1990-01-11,860.8640535032171
1984-09-12,957.4753608070247
1981-10-08,1158.7591221760883
1985-12-26,881.9456962286466
1981-03-20,928.1525087546513
1982-12-29,1045.9909994742777
1985-10-15,967.6106854194827
1983-12-31,1075.160856648313
1982-02-06,922.6411858784272
1982-08-14,900.1334232640742
1990-09-01,1028.725417554684
1987-09-21,1237.0339225383182
1987-09-28,973.3338323641202
1982-05-23,927.339060234188
1987-10-13,955.3910812240883
1988-05-30,1298.149009060407
1987-10-06,844.2496779587653
1990-12-04,832.8687787562327
1990-02-18,982.4937828524385
1987-10-25,1076.8686365527954
1987-04-07,1144.2472749480814
1985-11-07,1000.3624474429973
1988-07-29,1187.7214369542878
1984-06-20,1325.8642614048385
1988-02-16,1123.8069871906139
1987-02-02,1102.9635710883733
1990-02-13,999.2897519423291
1981-08-01,1182.5543071080456
1983-01-11,887.3703197158337
1984-03-29,826.4009199282239
1982-06-18,1002.6531367466589
1988-11-02,995.1520716871844
1986-08-17,964.4271839854551
1983-06-25,1159.1016378648296
1982-01-20,971.0734676452042
1988-01-08,484.50954063017974
1985-04-17,1159.6739638433005
1989-07-10,989.6446465998678
1989-12-06,1180.0517698533927
1981-12-22,870.0054908715496
1982-01-29,1019.4873559117323
1981-07-25,766.0005931331573
1990-10-10,1115.173259186732
1985-09-14,1007.8703548635966
1983-11-24,1077.6334711844052
1982-08-21,960.9688363063876
1982-06-11,1024.5595904189856
1987-10-01,779.9962147389572
1985-06-25,1043.3454333092552
1989-01-31,1120.338315775376
1987-10-22,968.8666355546778
1982-03-13,1068.1407578422427
1983-12-27,964.4137164151226
1987-12-13,1051.4881504916798
1989-09-17,938.0286560492218
1981-08-03,1097.8049123412718
1982-05-14,983.8051144675653
1986-06-27,1016.4063965972606
1985-12-23,876.3823769726941
1989-12-13,870.3563878693822
1990-09-12,1042.6870139962161
1983-03-11,808.8018550772641
1989-04-13,909.7337911587144
1988-01-15,930.5702465475043
1984-04-08,1086.9518361813782
1984-04-07,892.6013146065037
1985-04-08,815.0164421500309
1987-06-08,1200.4842882422895
1986-04-08,853.9397157279034
1988-01-29,800.7220721294673
1988-06-08,1064.1285708123578
1985-03-19,987.0150819035674
1984-11-18,869.2443084722202
1985-01-24,910.7750986646054
1988-12-09,937.6770965678184
1985-12-11,879.4425651103517
1981-04-01,922.9690393207235
1988-11-14,1233.612361966335
1989-09-26,1148.939687693216
1981-01-28,835.6143180788556
1990-02-16,935.0219224704824
1985-06-24,1311.6688905971653
1988-04-24,951.9390257525895
1987-01-03,955.4345728839089
1984-11-13,925.8892015481035
1987-08-27,1043.8770254933177
1985-10-05,996.6355384606718
1985-04-20,925.5647019816747
1990-12-19,903.5419402312788
1989-12-19,1083.1862563357463
1987-08-26,1130.823937982042
1983-09-08,1095.1439617939361
1985-09-15,960.2605327716642
1990-04-19,948.7984444762118
1987-07-19,1216.8309785809993
1983-06-10,1093.4597369587052
1984-01-11,1034.9604499004809
1981-06-13,955.9003299831228
1988-08-02,1025.6234233165862
1983-06-13,1205.7724427036537
1990-12-28,767.291412929609
1987-01-26,1044.3032087444883
1985-03-01,929.9046974193303
1989-03-27,932.0174137998756
1989-04-16,892.732804295602
1989-06-05,1086.7169229915187
1987-06-21,870.735442447579
1983-01-15,1071.9067669128826
1985-01-01,964.7498341282637
1985-02-22,830.073788469124
1987-02-23,959.5355382710408
1989-10-29,1150.0414242455493
1982-04-11,884.6249462634642
1989-06-08,1087.5369246817215
1986-05-14,1087.8832259580608
1981-03-27,959.5451362041646
1990-09-14,1244.076322583606
1987-12-10,925.7247722318259
1983-11-30,684.0500438284135
1983-07-03,1079.0753202717933
1990-02-21,809.5312802689045
1988-05-21,1116.5706175574462
1989-12-22,1125.32821574941
1982-01-23,1048.3642803131581
1983-08-13,1200.0161613756702
1987-04-13,984.5017603075315
1987-09-14,875.5413283871576
1988-12-11,872.9902873662382
1982-12-24,892.237222670658
1987-09-03,1161.6661985370936
1982-11-25,1010.0973147310203
1990-02-11,887.2125227511684
1984-07-24,1212.359829692671
1981-11-09,916.9062942238451
1981-08-05,1181.6838485209753
1984-02-25,837.744548198706
1988-05-28,1035.7106051870446
1990-11-29,712.8294602618951
1986-12-17,1267.5766969013732
1983-06-12,1086.4245813557784
1986-04-22,870.583441920403
1988-07-31,884.1238782938167
1983-07-14,1095.0714450400847
1988-06-26,1119.6178152187135
1987-03-10,687.9092048653865
1981-07-18,1190.0110612799886
1988-02-13,1034.452703822973
1987-10-18,858.5671022236306
1984-06-26,970.5638960151563
1982-05-06,838.8818663294184
1988-07-11,948.5681715781393
1983-07-12,1156.5493520832972
1989-08-25,1132.453519354058
1981-10-12,1385.935740981205
1983-09-23,965.1589057415646
1984-06-06,907.1039776039044
1982-08-02,1010.2013996926722
1984-12-13,868.8944051229226
1983-09-28,1145.9551445905602
1986-09-07,1061.9826520858528
1986-09-03,1015.1383505077549
1982-08-16,1190.0764214376877
1984-09-18,860.095235014743
1983-10-12,1039.9123990973396
1982-11-13,957.0051734245695
1982-03-31,990.2999559708971
1987-08-12,872.2347472622278
1988-07-14,1109.7155365646875
1990-11-04,1228.7812496163413
1987-04-15,940.1736100996616
1985-08-26,996.5238864070207
1989-04-08,828.5654580566755
1984-06-08,1040.7578074785993
1986-06-17,1272.5058843009263
1981-10-29,866.1111093133404
1985-04-05,962.9312067326068
1986-07-14,1162.6867372774036
1982-08-19,1073.6470055721181
1988-11-04,966.093206965793
1982-03-09,809.0100294597058
1983-11-28,846.6743185990175
1989-04-28,969.2368784052027
1982-07-18,1222.229877361323
1989-09-11,1229.8211141054592
1989-11-12,1151.8023445866452
1989-11-09,859.021154921487
1987-10-19,1261.5147178463205
1984-04-15,903.3569693210557
1985-09-21,1100.4163610238
1987-10-26,820.4331662270769
1990-01-07,872.4474053497153
1987-03-05,906.0063325259001
1984-07-16,802.8458164825214
1990-07-02,1060.293381489383
1987-05-01,1136.2363334674471
1989-01-03,953.3226937103461
1986-09-27,1089.070249969855
1986-03-13,922.1628500276056
1985-05-19,1024.9878881567274
1989-10-28,979.7970827224669
1988-02-24,1093.3970798424257
1989-01-28,704.3774346160742
1984-02-19,981.7884667962966
1987-08-11,1147.1379853514945
1990-05-26,1089.766713480936
1990-06-14,997.7610990283848
1985-09-16,1161.1504567325721
1989-04-09,1018.8043071842626
1982-04-06,1171.336019885056
1983-07-10,1535.7853821593253
1988-08-25,873.1155769834036
1984-04-21,899.362857633153
1984-07-05,1439.1341882524778
1981-02-14,769.9160558452184
1983-09-09,685.5474465256382
1983-09-18,1170.6197021432029
1987-09-16,942.80744710116
1984-11-26,750.0723003862489
1985-04-18,1002.7639523016785
1981-02-16,893.7663269309738
1985-02-03,853.1430915559897
1987-05-26,846.6943855947053
1981-06-26,1191.435937800292
1984-09-24,1128.8398593026566
1986-12-28,892.9072241977487
1989-12-27,818.7796234809128
1990-08-24,1341.467910616053
1987-08-14,848.8182240148625
1985-07-07,1183.8146977841152
1984-07-21,1183.0786692919528
1984-10-19,1104.4400502005847
1986-04-26,1059.9947535066524
1982-08-10,841.8344780536797
1986-08-01,1068.490115148242
1983-06-19,1117.3377986520459
1983-02-27,938.2475478663417
1981-06-16,1327.2965250862924
1981-01-10,964.5691097171148
1990-10-19,670.5007394231739
1983-05-07,1072.8685416526055
1989-12-03,832.1404498915716
1985-05-24,1060.9604966273446
1985-11-20,1032.750055624596
1986-04-06,853.7376266266538
1983-11-17,1142.7911196276755
1985-04-02,1028.7880107477183
1987-02-09,1037.7709361966608
1981-03-02,1061.2643580050626
1990-12-30,1086.5719178487677
1986-04-04,1075.575652967049
1987-09-27,1022.3427602032864
1983-04-12,761.7715596058264
1989-12-10,1063.4969674914655
1984-10-28,912.5512250411139
1989-08-17,946.0277070563884
1987-04-12,828.1792073271423
1985-06-04,1142.3142059351296
1985-05-22,1369.9099195843219
1983-02-18,876.1798493057646
1986-02-20,1012.568295227069
1983-12-29,1052.944717771443
1987-11-02,1077.6355733004327
1984-08-25,913.6713854099314
1985-01-11,1010.6279669831499
1983-03-25,947.6347449219371
1987-02-28,1010.3656637720825
1987-11-13,1094.7207894054636
1986-10-18,970.9616721670966
1988-03-25,887.2537349827983
1990-10-27,1077.1958916352164
1983-08-29,956.3523362287697
1982-02-10,825.5223693941879
1990-05-14,824.2446352362813
1982-12-13,1033.529046083558
1982-03-15,665.9463456149444
1981-10-27,1123.235225280478
1990-06-10,974.929399189016
1981-06-02,956.2501684826484
1986-08-04,848.4612941874726
1989-11-22,984.0810655554188
1984-03-18,932.2411278187736
1986-08-21,1286.2423393197644
1988-08-28,1016.1860906721628
1981-12-13,809.3301817235441
1987-01-24,959.9302534477259
1981-09-30,913.973456427101
1989-07-12,1117.8435495414426
1985-11-15,949.163094811581
1981-10-06,974.7800690835583
1982-12-05,855.2704957285143
1990-11-27,1155.1050751598857
1981-09-09,1094.1271881476102
1990-05-19,1051.4426070771367
1982-04-29,977.5741994770864
1986-08-03,947.6344899083855
1989-06-30,938.7668704472921
1990-03-18,781.4154873985055
1983-04-01,708.348237113917
1986-04-07,1015.4243222128101
1989-06-09,1160.8090041616133
1990-11-02,669.6827349082394
1985-12-18,948.7251235515479
1988-03-30,791.9182155787091
1981-09-15,767.1625578381248
1982-07-07,1211.1062003303985
1983-01-16,795.1511988239417
1981-11-14,976.9387127425222
1984-02-13,1079.2886870158425
1984-12-27,1038.9163439127117
1990-09-07,1269.95589322687
1981-01-23,955.1561610820738
1989-10-08,928.8171842569147
1990-01-20,911.81455015549
1989-01-17,899.5741887384745
1982-01-06,805.1233631137525
1981-07-09,801.6227024233003
1984-04-16,846.3007074084915
1987-03-17,1058.857153713631
1984-02-03,949.9251688284018
1984-04-04,1086.787490799969
1988-05-06,829.0504784422776
1982-09-14,1276.9937794174252
1985-01-14,1032.8568142418173
1982-02-13,1054.5872253097502
1983-07-31,992.9680352341607
1988-05-17,977.7668395827345
1987-08-09,965.2635209726888
1983-01-04,731.2337104378596
1983-04-14,949.0776248166678
1985-03-10,866.1640586147146
1981-05-24,1102.829936129156
1982-09-28,1030.6136103036752
1981-12-08,940.273472578711
1982-02-02,1026.4123827024905
1989-12-18,829.8550604436348
1985-12-31,926.2894739220739
1990-03-27,896.2322829411146
1982-12-19,972.6417901533016
1983-11-13,942.3646287472351
1989-06-22,1265.3102739658748
1989-08-20,1104.0209943979887
1985-04-19,918.1205463517182
1990-03-09,1101.9458856016051
1990-05-01,788.4409250282855
1984-01-25,1160.4675632695519
1984-05-15,1115.287168285917
1990-04-21,947.2732981459709
1985-02-25,1009.8988901977243
1985-10-25,1018.2441551336452
1989-12-12,1197.1085222118222
1981-12-12,999.1035178076585
1981-08-11,1272.8221528374636
1984-09-10,663.0393022407545
1989-05-13,873.5917498391881
1990-05-08,1342.8037432969631
1990-08-05,804.4662170414999
1990-04-26,1062.0765275517062
1987-10-09,900.1902543654143
1981-04-19,957.98988577364
1989-10-30,1077.857626639183
1981-06-28,1034.79619154042
1981-04-25,921.4759770871202
1990-04-22,1032.1156721330483
1990-12-14,902.5834059912233
1988-05-08,1068.4023556601503
1990-11-01,997.1539566144216
1990-10-16,1141.4328347499386
1987-10-21,1048.6101682024769
1987-09-17,999.7721118431683
1989-12-23,1157.899785135603
1988-10-11,901.550020592598
1990-08-07,791.828353878145
1983-11-14,725.3692071879608
1986-10-30,1159.2799095073337
1985-03-13,711.7451456552222
1989-07-09,768.2669444084984
1987-03-07,1016.7513127763086
1982-05-04,1080.6567367304426
1988-02-14,625.8593052089404
1990-06-15,1143.9714243839232
1985-11-06,1163.8841927684125
1989-02-23,1127.0863975311447
1989-06-15,845.5252288575773
1990-02-28,1061.0739367302413
1987-11-04,1064.05128380658
1982-02-17,950.0221362309233
1983-02-04,1087.357355656945
1987-07-20,1088.6811753669404
1981-04-15,960.4677164631738
1984-09-02,835.6061288558516
1988-12-10,997.2818825931558
1990-03-25,1020.9032439270751
1987-08-02,913.9180147078425
1986-08-29,980.3890601491296
1988-01-14,1026.6418499744555
1981-06-05,1100.078544169943
1981-02-05,787.5292997781874
1989-01-24,907.1227867161289
1987-08-05,1004.887563932746
1982-12-01,894.129819292967
1984-10-25,1075.7566130813368
1986-01-28,914.7209473096106
1987-11-09,1104.1809887086208
1985-05-27,1208.757165667194
1982-12-10,774.6936173278264
1985-09-13,913.9097788389251
1982-04-07,909.3641178662289
1986-08-11,1433.6853075455663
1988-01-01,1007.0255841482364
1982-09-09,1120.723847017235
1981-06-24,1249.9440812899047
1983-01-08,1027.8744239266664
1988-03-16,978.6440685114393
1989-12-11,777.8066027608564
1987-08-23,683.5946730910828
1985-06-19,1202.34795295471
1982-08-18,1274.9821716773783
1984-11-09,959.3856426234818
1985-09-05,1180.8410433939328
1988-04-20,936.1323809350722
1988-11-13,900.4062769271754
1984-10-18,1104.018568709388
1986-09-29,1299.00554302337
1986-12-24,954.0147265951358
1988-03-19,901.0151900923245
1987-06-09,1028.9639531444084
1989-02-08,1015.7839228334815
1982-03-25,917.5593104664475
1986-08-22,1028.4730151309586
1984-08-01,1158.2285401229112
1989-06-13,975.404014819701
1984-08-04,1065.0046320681815
1981-09-01,979.0719154726653
1982-06-12,1226.5159049450967
1983-01-13,712.7604670046236
1990-03-13,978.4874161039421
1986-10-16,829.5020854499215
1982-08-23,1289.6393686061629
1984-08-03,798.4255624694391
1984-10-26,910.8077430560172
1990-05-04,928.058992957461
1988-06-05,983.7896566297952
1990-11-30,1042.3326937732404
1983-07-01,1071.4786233271893
1989-06-18,827.9688051687289
1984-07-10,941.4132421731207
1988-12-25,1021.2317777087825
1990-08-03,1246.1201158640613
1987-05-06,743.0822457875609
1988-12-08,1245.0421462842166
1989-03-11,1092.4468290995899
1988-12-01,1044.5839551440115
1982-12-15,825.5109213690938
1989-10-19,954.8845856304152
1983-01-23,848.1767997921545
1986-05-02,761.3622951801185
1990-12-10,836.559440962724
1982-06-05,1222.331245092731
1981-03-30,966.416040728512
1984-08-08,878.5193590707987
1989-05-03,753.6373095057392
1983-07-11,1279.841174965685
1990-03-14,811.8225750942946
1990-02-26,1142.3731688967769
1983-02-21,901.201089045508
1981-12-03,908.4412139572886
1986-08-25,1195.6499266777942
1986-07-03,986.6712667743111
1983-08-09,964.4923348291721
1983-04-10,736.200474048136
1983-07-06,1115.294354865831
1981-07-08,1054.6886056452547
1981-06-21,988.7016011388666
1985-03-12,1008.8154000364227
1982-04-04,1001.3269456786215
1984-08-11,1132.0841734405751
1984-01-24,1037.8789982995522
1989-04-12,960.6921172194093
1984-07-18,1053.0164097921368
1981-12-01,1071.6544002931512
1985-12-04,850.8116250956621
1989-11-05,1044.0266012300183
1986-07-09,1260.4869879023333
1986-02-10,807.8754527398833
1981-11-16,718.3655583275847
1983-04-20,1075.662144252657
1984-04-23,879.2607160750235
1988-09-11,1008.3802316780477
1987-07-27,1128.9167480059768
1986-11-13,828.5170668480819
1987-01-27,920.6810885295125
1988-12-13,963.6992397144916
1985-01-29,948.6798368692163
1983-02-24,1032.5235785509058
1983-03-18,1029.7157009306732
1981-03-03,954.2179904515751
1986-04-13,1019.4351615398525
1989-08-07,1090.2071298607684
1988-03-11,911.0192152767166
1985-09-06,1032.2859388893128
1986-12-10,1040.241690370596
1990-05-10,874.3207141182828
1983-09-22,974.0983664730304
1989-03-07,911.8553101973595
1984-11-02,999.1755459515641
1983-02-15,829.798110770098
1989-11-02,711.8141922391382
1981-10-20,838.2514602030415
1989-10-14,1000.5306225376655
1982-03-12,1004.6276808972056
1987-05-30,819.6767004781641
1986-09-19,933.4131131521127
1982-12-31,905.9937781060282
1983-08-17,1027.2666499173506
1987-03-21,1011.235206455993
1983-09-24,956.7466629230527
1990-04-23,1056.7470452918296
1987-10-10,930.52878834333
1981-11-30,988.015400606791
1984-10-22,1085.6917086980263
1985-09-29,946.7899282414461
1983-12-30,934.8480946505556
1981-12-15,739.198586547561
1981-06-04,951.135973872849
1990-11-10,1026.6436728127228
1984-01-20,1013.2524394025688
1983-05-06,802.9796593352315
1983-09-01,848.3035925807799
1989-03-09,1071.3209194405451
1987-01-21,1009.2640585254302
1982-10-31,1045.7275139580033
1983-10-07,1001.6506437560565
1988-10-12,1202.52778313703
1989-05-15,966.2408977317685
1988-10-15,865.6243062626488
1989-11-04,1138.424760419758
1986-03-03,765.5019493413912
1990-05-23,1242.5035999385261
1984-04-25,873.6371828620506
1986-06-22,1142.976182487297
1981-02-01,1187.5302774183933
1990-05-15,961.4902045991269
1987-10-07,1100.0452231063548
1989-11-24,876.0871534385925
1988-08-27,1066.3300174326137
1983-06-02,1019.0180388042108
1989-12-21,1046.56271037772
1983-08-04,968.7493537606479
1987-07-31,1078.7801826256966
1989-05-01,1076.344557576277
1990-11-25,1087.9621533847796
1982-01-28,884.4972226133419
1988-08-21,1095.0893166823896
1989-05-02,961.2699017284649
1988-05-02,956.1857635865059
1987-04-19,1139.369972411349
1989-10-20,1119.6297104071164
1983-08-02,937.3517669712124
1989-08-01,1140.031294165353
1987-06-27,937.1895436684841
1990-11-21,820.3427535838237
1984-09-01,918.8586864147251
1986-04-27,863.6454367940788
1983-08-01,1222.3660280332278
1987-08-24,990.8573478109445
1982-07-28,1166.8387942559502
1986-02-06,954.5040930269582
1989-01-22,911.6151729866451
1985-07-12,976.7480898165213
1988-01-30,981.550655874183
1985-12-06,946.9483795334768
1984-12-08,1232.042689428093
1989-06-11,1068.1970310468018
1983-10-18,972.6346753540354
1986-04-21,740.3042950174886
1990-08-01,1131.3257733645844
1981-05-14,1271.2163928367609
1987-12-27,798.8460140674632
1984-09-16,897.1113787765863
1981-12-29,898.1397942801972
1983-04-15,810.7193990928099
1985-07-06,1260.8799147570123
1983-09-19,730.9475262065314
1987-01-06,914.0783022305955
1989-06-25,1330.7342587529424
1987-09-18,1014.0224317374069
1982-01-05,945.3585839117857
1987-06-16,1156.5519640798846
1981-12-19,873.0767145151798
1989-03-19,938.774164290616
1989-06-16,1000.5083591477263
1982-12-20,904.8118681317936
1987-11-19,867.3308109828849
1981-01-18,964.9807028877931
1989-01-23,1052.6563277817438
1986-10-26,1081.1599117122937
1986-01-17,893.395472500278
1983-03-12,1091.8405821561103
1990-03-19,864.8520369517976
1981-04-12,946.3308443114288
1981-05-17,931.7852394534692
1987-07-08,1224.6283453762312
1988-06-18,1398.6861560592909
1990-09-04,1263.7131277010553
1987-03-22,1016.6427594025001
1986-03-24,800.2711296827609
1988-04-23,1075.0109570327154
1988-12-17,842.3824358495997
1986-04-25,938.6389136814284
1988-03-01,1044.2330744313197
1986-02-17,934.8936705041216
1985-07-25,1122.8138751383435
1982-06-08,1285.0047181613456
1986-02-09,1195.8824032624022
1987-03-02,1055.4880466232933
1984-07-08,950.314878403199
1990-08-20,982.664870248472
1983-08-16,860.1532939833977
1984-02-02,858.4661303367021
1987-01-22,1184.6876107763956
1982-03-03,915.12685139523
1983-07-19,1131.9541021043597
1988-05-05,1207.3757436809278
1982-04-30,957.9945426348007
1986-08-06,949.2206248100831
1988-04-09,1147.177000037454
1985-08-28,1009.8013242713334
1988-05-19,1176.747901986373
1985-01-19,976.2109338458947
1984-04-24,1091.698565151257
1987-09-13,1214.2077652455255
1985-08-05,1071.2064224704025
1990-04-02,1034.3167063384897
1986-06-02,1310.788273096474
1986-11-30,1155.6355000682606
1983-04-08,1075.2489332608766
1986-06-29,1181.881790466506
1990-07-22,1133.5011895993186
1984-06-09,1185.7057474908695
1988-05-01,1100.9072775120046
1989-11-11,942.0913022510969
1987-01-08,1114.4974664161698
1989-09-14,1054.2481540052468
1983-11-20,1033.241694339452
1986-03-12,1250.2819417225603
1987-10-14,936.8504660408616
1982-09-15,1190.3049388388667
1984-08-18,1017.4094343141647
1990-08-11,1007.2588145494385
1990-09-17,1424.1717476972942
1990-10-01,849.4512435695557
1986-11-15,915.7053694816759
1989-11-06,1036.5762901824291
1985-11-16,936.794742660914
1990-10-31,1024.5435708730283
1981-05-19,1455.1065060002159
1981-03-26,763.788064353094
1986-08-23,1035.9606480681018
1983-01-02,727.5635549668498
1984-08-14,1090.2354419858323
1986-02-03,1079.4163704623836
1990-09-24,767.8804622042778
1988-11-28,1064.829210794369
1989-04-04,841.648497950262
1984-10-11,1138.4818443825855
1986-02-07,973.1324499275328
1984-08-19,1000.6708394127943
1988-01-13,818.5474371650474
1990-07-29,931.6464442161983
1988-03-31,998.0145519196309
1982-01-18,593.7662316409674
1986-04-01,997.3192951670794
1981-12-07,944.0963316292284
1988-07-07,854.8851784078832
1988-08-29,1037.0730854748288
1987-07-02,1362.4946464431412
1985-06-01,1123.847640076834
1984-01-31,961.8833045366611
1990-06-06,1209.5815419368664
1986-05-06,1039.7255429917413
1988-07-17,983.6940487243268
1987-07-13,1179.6147488340494
1989-05-20,1050.438460832693
1984-09-11,1090.805600216963
1981-11-24,987.636006792177
1985-06-16,1072.2524442458512
1989-02-15,768.8232451069206
1986-08-31,1266.9409201415356
1987-02-06,1063.557507586384
1985-08-09,1182.7644558842326
1986-05-05,1049.4562869433155
1981-09-25,971.8066318326808
1988-10-25,1054.0786638417549
1986-08-10,1421.3819721776977
1982-11-28,1130.779061872784
1983-06-28,1138.8429778623547
1987-05-04,944.7993091945144
1986-07-28,1266.661963338552
1981-05-26,829.7984948845983
1986-04-10,1263.5535486330282
1986-01-11,1066.6052863522752
1985-05-01,962.5562733608701
1981-11-23,1152.1666801847905
1982-10-23,927.1727242473949
1986-11-16,848.6691934839225
1988-09-19,1101.7518186392238
1982-07-20,1302.2789724178863
1987-01-05,1114.6049352216337
1981-04-30,1080.052556812594
1982-06-23,1178.465200186592
1981-08-20,954.7520036881609
1983-01-01,883.5122892703065
1989-01-25,751.0573537433095
1989-07-20,1046.0349929591996
1984-12-11,1077.0067824399187
1987-07-10,1040.397294588211
1988-09-29,932.5538459216623
1989-10-24,882.2315111439842
1985-01-06,967.6346024308606
1989-12-29,885.0006629959034
1983-05-04,1043.3527377562882
1981-07-20,1005.2109611817912
1985-01-12,988.9634227951601
1983-08-12,1198.8404320046066
1986-07-23,1030.377101568592
1988-01-04,1120.0345692801125
1985-06-26,967.7289716714574
1981-05-05,1024.8586461253003
1982-10-15,1146.9703128276674
1986-02-22,976.3003002621182
1981-01-11,863.1411975802346
1981-03-23,892.5411229982301
1985-10-30,921.8867955849151
1982-04-20,1232.1879673298472
1981-01-13,1009.6311067792949
1984-06-07,1103.5614458498471
1983-07-16,1125.7559898348586
1988-02-17,922.326732607649
1981-08-24,1120.7064380015297
1983-12-07,953.2262808941978
1988-02-12,997.1708497043425
1981-09-07,978.1055251422076
1988-08-05,1237.2855308319722
1984-03-13,975.5549537590691
1989-05-12,1050.7250942463797
1988-06-13,736.5984794343764
1988-01-16,819.3841519141016
1985-03-15,1058.7716802938614
1985-06-02,1250.1789592535642
1990-04-14,1183.2392837008429
1990-12-03,828.8240670463722
1988-09-26,967.4894877141556
1989-06-19,1046.164337601039
1986-06-21,1055.9949484847593
1988-10-23,952.3203802764398
1987-06-29,1198.0569384254538
1986-06-07,961.9985864983214
1985-11-05,1023.4751330811115
1984-08-05,953.201381509595
1985-03-30,1108.8848726745803
1987-10-17,1121.554188477856
1988-04-04,973.1689404220728
1982-09-22,1205.3791269395288
1988-09-10,1074.4023782399968
1985-02-10,1109.8727389139776
1981-04-28,853.302422231522
1987-04-03,1147.84757547013
1988-07-20,1061.2016643042384
1984-03-22,953.1240963325151
1990-03-08,977.1892086514205
1981-08-28,1203.0492756067854
1981-03-15,1083.244285631348
1990-01-05,844.8119610798892
1986-09-12,1041.6610928533623
1987-01-10,1151.1057762189812
1982-06-28,1047.8601286519252
1981-05-13,1109.479342187284
1986-11-12,1006.9789120250938
1984-06-15,1034.7561207814917
1989-04-02,1027.7714217252728
1986-06-08,1036.5718872510895
1990-08-09,1039.3998108255284
1988-09-24,969.2985908313319
1986-09-15,980.1488251527065
1982-05-07,1051.0742786029664
1985-07-21,1082.7389792813506
1989-11-29,882.7496816273341
1988-07-21,1105.2396317343866
1988-12-28,1096.805586235134
1985-11-18,960.0495558872724
1987-08-16,930.526090848515
1983-07-15,921.5571679571451
1985-07-13,1053.5793354259163
1983-10-31,1047.6301369335624
1983-11-04,823.9037075183121
1983-06-09,1182.9995711295487
1984-09-04,1028.81545825636
1988-05-29,916.0014010592573
1982-01-07,908.6235964556694
1986-11-04,991.9459452669946
1981-02-04,1084.1871114395335
1982-04-26,1187.0509068455383
1982-06-17,1049.28099815375
1983-01-03,901.2767805058813
1981-03-04,891.2918762856535
1982-10-08,1012.053296065187
1981-11-06,766.9936892813439
1989-09-08,1108.9900322071442
1984-07-07,1031.3109896312303
1989-10-10,912.9814451251115
1982-09-24,1039.0582989677496
1986-08-26,863.8132767982086
1984-07-11,1094.400784009886
1983-11-23,958.831100983769
1981-12-10,885.9005830181812
1981-02-24,1043.1701673930438
1981-04-24,1121.401774022406
1987-08-03,1197.191721494615
1983-12-23,1009.5106388148887
1987-04-14,892.673672672772
1987-03-20,852.1666582946641
1984-02-26,717.0276561282595
1988-12-07,826.4644996558226
1987-04-24,1001.4093838069002
1986-01-19,969.1451487908636
1985-10-28,1116.7052524164226
1984-01-14,871.4761522857277
1986-05-31,922.6624648593007
1988-09-30,944.6530762578806
1990-02-20,873.6149017424599
1982-06-15,1136.848074200918
1987-04-08,884.4721907573132
1988-05-24,944.0532097663639
1984-12-06,935.819293617468
1988-02-03,839.4358028012748
1989-09-07,1296.7488731216313
1982-09-03,1109.6969110791408
1985-02-06,948.9046567875098
1988-10-22,678.9626978561531
1989-02-11,992.0526734708333
1981-03-09,1105.1283135001365
1990-02-27,738.4622731176212
1982-11-10,1060.1654370052847
1981-04-10,1001.2775776002418
1982-11-05,1022.7256573214787
1986-03-11,971.6656333639646
1981-10-15,929.6308496380591
1985-09-24,954.0554775569092
1982-01-02,1081.4257876141369
1983-06-26,1208.6736906520123
1986-04-28,1101.8146780074412
1986-06-26,1181.558214959351
1988-09-09,848.5865608458706
1983-02-07,1101.8179113649614
1986-12-07,925.3108407570091
1989-09-24,1037.7095905258575
1981-02-19,794.2482414251915
1986-12-22,1012.5909511944623
1981-07-31,1430.4174565897401
1985-01-21,1086.102794964693
1986-10-10,1064.3586083689945
1988-02-15,874.6826476123302
1981-03-17,1031.7464202450417
1986-02-27,841.0422721387072
1988-11-29,840.1098937060883
1987-02-18,944.907285955506
1981-05-25,1020.1713112095102
1983-03-15,864.6050071656699
1986-12-29,980.5730768355144
1986-11-07,992.6290751405762
1983-02-05,793.8446807303818
1982-07-03,1398.1801811605353
1983-10-24,998.5373007985871
1988-08-15,966.386649824879
1981-06-22,845.428362620391
1981-09-13,870.3225356800491
1984-08-31,915.0352138453231
1986-07-19,841.2536898568659
1982-03-30,1130.4883828632849
1987-10-27,787.505378176328
1984-09-27,1273.2077555775431
1986-11-24,949.1844677757338
1984-08-29,1284.3650085030827
1990-09-10,921.8582000510952
1986-11-29,809.358740393257
1982-03-18,901.8865361061947
1986-11-01,1158.1399105106225
1982-08-08,1194.2288353114552
1988-12-12,940.6838233728881
1990-02-19,1026.0292957637269
1987-09-23,1240.2038889430655
1986-01-31,780.2300428532652
1983-02-09,1132.5329338240829
1982-01-31,1023.5398134005661
1981-08-31,1144.4635052646893
1989-09-05,1023.6030593046223
1986-06-16,1138.908276749315
1981-10-02,979.8151119203795
1983-02-17,929.8268899219745
1986-12-14,936.582779971082
1982-03-21,967.9731429593578
1982-11-12,911.143870959558
1981-09-14,1126.6670066599931
1987-01-19,940.4638537975194
1985-05-02,1153.7806102550285
1986-11-21,1062.6725526569912
1986-09-21,923.920773223654
1990-12-31,892.5672351175002
1989-07-18,1168.9014600122355
1990-02-17,1023.5224635519531
1982-04-01,908.0500919588271
1985-01-17,921.5718571923345
1982-12-25,980.252379945485
1988-12-21,945.9558240796765
1989-11-13,1056.7147145626268
1986-08-19,890.217352609252
1986-03-25,1001.7246590812518
1989-04-20,1050.8615630428715
1984-03-21,832.4104088869958
1981-03-31,1042.233174413086
1989-08-21,1114.5660472483366
1988-06-25,1371.8954391915754
1985-01-08,1033.6084286225694
1988-09-27,973.6365870064232
1986-03-17,990.5586785818731
1985-08-04,1034.8645818678572
1988-07-27,904.7144995389141
1986-07-02,939.6543281957269
1982-04-28,1013.4482986460849
1982-06-09,1370.7343396356405
1982-02-16,917.0413956821662
1982-01-27,1080.7336489072886
1989-01-30,934.322954891214
1986-12-01,952.9610407877396
1985-06-30,934.1152166269942
1990-07-12,1145.7681098662836
1982-11-27,948.9450572784021
1984-06-01,974.5597502611976
1981-03-11,964.8658168526249
1983-05-10,1029.2086792287855
1990-03-01,935.8395336816868
1989-03-25,1258.3714005005195
1984-06-23,1010.9553571976375
1981-08-19,753.2425696120649
1987-01-11,1292.270826461487
1982-01-16,954.869286262934
1986-01-07,948.5316210844038
1989-06-07,986.6269771908426
1990-07-24,787.0032642863985
1989-08-23,1164.7442716129324
1990-04-09,888.0584672753879
1981-01-17,996.5591203319542
1987-11-11,857.7263821109733
1986-05-07,1237.9751190501484
1986-01-21,871.603196840271
1982-12-17,1019.6028555662028
1981-09-20,718.2179784553814
1985-06-14,851.7949251231403
1982-02-01,856.1296174092121
1985-05-09,828.9702420946279
1983-07-21,1445.8135081114403
1990-03-30,875.6863451771943
1988-11-15,991.9220229173231
1987-11-22,971.4175895912272
1986-08-07,1055.3018906594982
1989-12-24,1046.2060596618444
1984-05-16,932.770544629365
1988-01-02,564.0197002720537
1986-05-09,947.0174380546783
1983-01-17,1120.5116634746014
1981-02-17,1103.9186456787452
1983-05-26,1291.5671306347613
1988-08-19,962.2165383282585
1982-07-01,1375.6913350977452
1988-07-16,1177.6201956900825
1989-05-06,849.3714815486164
1988-06-24,1194.2582241305884
1984-10-10,1049.7646853030326
1984-02-27,833.2154613859813
1983-11-05,1064.4602242669962
1982-01-15,951.0450152521834
1982-11-06,536.7969605594513
1981-12-31,1062.0967105655557
1983-09-02,888.6183190578435
1988-10-10,1197.5758685645148
1988-08-23,1021.0965388429473
1984-09-22,1251.0987562161101
1983-11-09,1110.349004600515
1982-04-23,916.5391729253198
1989-08-16,1143.3352771167283
1984-11-04,830.6505948678348
1989-09-22,935.2954097946932
1985-04-07,1051.2933349857842
1984-06-17,1046.9661269305502
1986-10-04,828.3856720918056
1985-04-13,890.0748817234238
1990-08-27,1599.3832184151956
1984-06-11,1036.3331454939769
1985-09-04,931.4096262873879
1984-06-13,1255.6415177015094
1990-03-21,1006.3738885431532
1990-04-10,1066.9218022925795
1981-03-28,994.292001418099
1984-03-25,911.3657819590343
1983-04-02,1017.1410800658185
1986-02-04,973.3804486314529
1987-02-07,961.4689846403296
1988-06-20,1326.3983437854756
1989-10-01,1011.7396450814942
1986-10-15,1122.4650712040864
1981-05-21,1290.0107652480983
1984-02-22,666.9630474430805
1983-07-30,864.6452634109954
1983-07-25,1374.98119092146
1983-04-11,839.2413315747541
1985-03-20,778.5780103771335
1984-05-06,1257.8324292824987
1982-05-27,1009.3369875573898
1990-11-17,1052.6544368779446
1987-08-01,905.1780891399253
1986-06-28,1126.0577658585785
1987-09-09,1100.350465546235
1986-05-21,869.0701076598517
1984-10-23,835.0201038686943
1983-06-21,710.112813743536
1983-04-16,1028.6685969625348
1990-09-21,966.5697865542995
1987-12-07,953.6058644882935
1985-08-19,1215.8667455154148
1989-07-25,1042.2718049545485
1989-07-05,1071.0835999078192
1989-05-10,1079.5175624489723
1982-10-22,1134.265937418732
1981-06-29,1096.5332551127965
1981-02-15,968.01554630979
1990-07-14,1087.868626057861
1982-12-22,866.2220063263804
1981-04-08,920.0834247670374
1990-11-03,1073.8417452364722
1984-04-27,1075.626249555187
1989-01-11,686.5917788461302
1989-03-22,719.823262434508
1989-08-06,1118.7626653512616
1986-01-10,810.783614792379
1984-03-08,923.6000600198739
1984-08-24,1254.367054417413
1981-08-12,1109.097864764267
1982-06-02,1077.3389173653738
1985-08-16,1012.4588167950443
1982-05-22,1043.7365402922387
1990-05-02,910.4930445498609
1986-02-08,759.435005907803
1984-10-27,816.9126729514302
1985-03-08,1199.1782070178567
1987-07-23,874.9228626409672
1990-01-23,763.2550429157818
1986-09-16,975.4838117342216
1985-03-29,1008.5381475994524
1984-05-09,1073.2457491611906
1988-05-13,1008.4606984537737
1990-07-18,991.9445373950273
1984-11-24,859.7345868164697
1987-02-04,805.4725154332594
1989-05-17,1040.084983738373
1985-08-12,1256.1857396925782
1984-04-19,907.819011220105
1985-03-31,1039.4093531893159
1989-02-17,1057.8494905999928
1987-12-23,757.1092721137618
1983-08-19,1108.7711970187745
1988-03-28,865.8074381576727
1983-01-28,998.4923474319886
1988-06-06,944.7065527827735
1981-08-30,1241.2538025758918
1983-01-10,1037.2206143787012
1990-12-21,1007.1763200100779
1984-03-09,930.4281525288568
1989-07-24,1156.7629294731128
1987-09-20,1080.5884530422018
1984-05-01,990.8693734889805
1983-12-09,760.5925030067489
1986-12-05,965.2803208271926
1983-12-06,1027.424535386941
1988-03-09,952.8507347541574
1984-03-20,852.6744539250235
1985-02-09,736.1862503207857
1989-01-26,860.5808743231366
1989-03-23,904.6724157720631
1983-06-11,1293.90617123032
1981-05-31,1074.3661035755174
1990-10-20,1053.2794928618152
1983-05-08,936.0805106744195
1988-08-22,1045.0253449255606
1982-12-26,938.6649187905391
1990-06-21,1179.362827680824
1987-11-16,757.99817186939
1981-09-29,878.8243357515265
1981-03-24,1227.0874755563952
1987-11-06,767.2834931079926
1982-02-07,786.1846689177112
1989-06-20,923.0728347268199
1987-02-11,938.2865101002787
1990-04-30,1117.5582449720046
1982-02-08,983.0424959279494
1984-10-04,917.1655277545515
1989-04-24,812.8901156398008
1986-03-27,1153.3668755106728
1982-08-26,1114.614499437585
1986-10-19,991.3932492002554
1984-07-27,1008.2642941383264
1986-01-04,864.9846690418766
1983-05-30,1126.182415855575
1989-08-19,1024.975434132312
1990-09-11,1094.216746165026
1987-05-24,913.0673723623344
1985-04-06,1009.6807369371428
1981-02-13,926.9399293406018
1988-06-11,1154.6537863532628
1990-12-25,873.742400429958
1986-11-22,1094.3015999355791
1989-07-03,1086.6831186735863
1983-09-12,1256.7803882600351
1985-04-29,948.6981332976629
1984-02-04,874.9141712084715
1988-08-26,948.7262846647134
1987-02-26,976.2621021554905
1989-02-24,944.0630297745903
1987-11-18,1102.586159540266
1986-03-16,837.4785582032622
1982-11-14,853.7926023430559
1988-09-17,1081.4408494578695
1983-01-06,1020.9024136167991
1982-02-24,791.7349304207889
1985-03-05,862.208978605197
1985-07-16,1208.6088792609924
1983-04-13,969.8405788421344
1982-09-16,1035.801939718672
1981-05-02,914.835315079596
1982-03-01,1035.8591255099861
1985-06-22,1116.895785187073
1989-04-15,1056.8664077685614
1988-04-14,939.7116273334016
1990-10-15,1108.9621667037195
1981-04-07,1040.8989449316957
1988-12-14,985.6327040586759
1989-09-18,1110.9720349968882
1986-09-22,1194.3291200452297
1983-01-31,1021.0270534797563
1987-12-30,1001.9351471105317
1985-06-27,891.0169055559606
1981-01-19,944.2273460101665
1987-09-19,934.659394935509
1981-10-19,925.7924524033144
1983-12-10,861.9310632170651
1984-04-13,933.7544166668324
1984-12-18,1088.730035336611
1990-05-05,1110.6797380392086
1990-05-03,979.7578968826982
1988-07-09,1089.756793756022
1990-01-08,1077.3381446539477
1985-04-26,867.7297041808927
1987-09-02,1209.3056331586251
1988-07-08,866.803607880742
1989-07-28,1125.8694116723343
1985-08-23,1006.5786774015659
1983-05-09,880.5723025746696
1987-01-25,1021.8338575809088
1983-06-22,1308.2142088792052
1982-05-19,952.2832834391363
1987-05-03,1012.113531806055
1985-11-26,1031.8766765795776
1981-12-09,996.7570452941682
1988-10-18,851.0934008138292
1982-06-07,1332.9853479617325
1984-09-17,728.606441822329
1983-10-20,1115.4665205033973
1988-09-25,823.4682729129144
1990-05-13,918.1433549466683
1990-05-07,999.6221236275828
1988-09-18,1065.5360497730185
1989-07-22,1464.3402576065203
1985-11-25,1062.0247327667364
1988-01-22,1128.278559333356
1985-11-29,994.4639929226032
1986-09-10,1153.3499579021698
1981-12-30,1024.5205050458503
1990-07-04,979.6572494047051
1984-08-12,1011.3292451759817
1985-07-02,1001.4781737861779
1982-07-12,977.4708168203127
1987-07-25,1072.7993863012418
1987-10-24,1018.9378264442405
1987-12-05,1229.9033399353427
1987-03-24,1009.2512899209466
1989-02-16,984.737274909614
1984-05-19,914.0711877298965
1989-12-04,956.6287088798215
1989-05-27,951.3522551224505
1983-08-23,969.5813294224644
1985-11-17,893.7656617657287
1986-11-20,979.662358713554
1983-10-13,1020.8110615925999
1984-01-05,1031.4621342455666
1990-06-29,1173.2127566286888
1988-07-15,1225.5396177648668
1983-10-01,898.8158946180048
1985-08-15,847.3801661564818
1981-06-10,880.860131295255
1990-04-12,820.4863710431066
1988-12-26,1199.3640895421702
1988-10-16,1123.0738832561415
1982-08-11,931.766738175247
1985-01-18,946.8773211668079
1982-12-12,993.3645125920041
1984-05-04,1440.969081836294
1983-06-23,1304.6185573186822
1982-05-10,1219.7617643108229
1982-07-21,1179.1792776158004
1984-02-23,1212.732782216323
1984-02-01,1127.7599701528434
1988-10-28,890.3102501297258
1982-06-04,1459.045680732813
1982-10-03,860.6913400394631
1989-08-05,1148.570416684152
1985-07-31,1159.903732404422
1983-10-17,961.3206417406874
1986-04-24,1033.1468747994884
1984-03-03,1262.0197524441658
1988-10-17,946.0293956688869
1990-05-09,1072.9591572841694
1981-05-04,678.80957297098
1983-01-18,965.6799476922066
1990-03-17,853.9102660092062
1986-06-06,973.1374629210163
1983-12-25,1017.3139714255078
1985-12-24,923.6642730683934
1983-04-18,1008.7375249659794
1981-05-07,877.4735468340637
1982-10-26,960.4273270508032
1990-02-05,1000.1505217660024
1989-12-17,1008.6678096949157
1990-10-04,783.1741479137963
1982-10-05,1300.1146038617478
1982-01-12,1045.3591843330607
1981-10-03,1155.0652759927914
1988-06-04,925.2764331864969
1989-03-12,1183.7587501056244
1988-11-18,884.7790740069707
1989-01-02,1078.6625234731596
1981-02-23,979.4475103047747
1990-04-03,915.6140381062411
1983-09-26,1255.2495783412417
1983-06-03,1280.7527878496223
1983-02-20,941.9082693581697
1984-05-11,1028.3868007752326
1984-02-08,865.9454699457048
1981-01-12,967.4351371956665
1989-05-19,916.6972484262982
1985-05-23,912.3864069396942
1989-07-31,1134.2370793186576
1987-05-09,985.1923727077549
1989-05-08,1007.9043625162187
1990-12-08,876.6877328803647
1987-11-05,901.2558569607803
1989-05-18,895.2576712415988
1983-12-21,846.0396730196271
1983-04-25,1017.1196986479708
1982-11-20,1072.430907217456
1985-09-20,1128.019537820022
1987-06-19,1295.7567733436777
1988-03-10,944.8899866920225
1987-06-28,968.4358050041894
1987-01-15,640.8264977281165
1984-03-01,985.0374069388266
1982-08-05,1149.042469795232
1981-02-27,898.5915363617348
1983-05-11,1052.0873949065565
1986-06-14,872.3938256383805
1988-08-14,813.291364089961
1986-01-06,1041.819446715834
1983-04-21,995.3450598636579
1984-01-28,964.0584297293102
1984-03-19,823.9802521350733
1987-12-02,1146.2760526881004
1986-03-30,1000.9250479026106
1983-09-06,907.0435582029351
1988-06-02,1003.7836969477435
1982-02-11,956.9232149373493
1988-01-12,972.4252224056104
1987-07-05,1324.645168339456
1981-01-27,897.3210634052148
1982-11-23,1185.2651009987858
1981-02-12,1082.5353731303462
1989-02-07,990.0998897236499
1990-06-07,1172.2960464126552
1988-11-23,1029.5442062100071
1982-06-16,1031.2097447415454
1987-09-30,1078.0230548938273
1983-07-17,1347.8790593862134
1986-01-24,877.5509330940064
1986-03-14,1130.341392846326
1982-06-29,972.268055183322
1988-09-15,1070.4063481976661
1985-09-10,801.7098030871073
1990-10-03,900.8168992097815
1989-07-17,981.0882329836796
1981-09-10,1357.4571913516509
1989-09-20,917.043388302001
1983-03-03,874.0972572870295
1984-11-17,1012.3249371127167
1987-12-21,1082.9578852561212
1981-06-11,1377.4826030902045
1989-04-07,846.1531368234937
1985-08-22,935.129596702047
1988-12-19,955.1646487858274
1982-09-25,965.5356701484619
1988-07-04,1100.012800784757
1990-07-31,1349.1638340193701
1984-09-15,884.3094056517128
1982-07-31,1108.892316166464
1990-10-05,872.5268660907421
1985-11-02,834.1437412828404
1985-12-30,853.052061547055
1986-09-05,1015.1925221969149
1981-05-15,1002.8129708523053
1990-12-02,905.0127736532297
1986-07-08,994.1528564483527
1989-03-04,904.41649595019
1983-09-15,1094.6850430948052
1990-11-28,911.8020299399054
1981-07-17,1005.2685434123756
1984-02-21,897.9092471546076
1983-09-27,989.3216210951055
1982-12-08,813.2993000508606
1990-06-23,1063.4484064932876
1982-09-06,929.9257277661782
1981-07-07,1141.3359692156903
1981-11-05,917.5235999426072
1987-12-28,737.1477820488326
1990-04-04,919.6996663689912
1983-12-04,1165.6463153409068
1990-05-25,847.83021112327
1990-08-02,786.2358786734916
1988-01-18,912.0632487278707
1983-12-13,895.5412011610782
1987-12-08,812.6551719713952
1987-01-23,1090.6144961627567
1984-06-04,1082.9738895424418
1981-01-24,881.6958605896189
1989-07-27,1265.6339976279155
1990-12-05,840.6499231272113
1982-07-08,1264.1054246627934
1982-10-28,831.4587831168494
1990-01-01,1052.0026680447459
1989-06-04,1138.8388127233284
1990-02-12,852.0066644275711
1985-02-21,1030.7207592123782
1983-08-25,939.2566122997692
1989-01-14,1001.2797863014117
1987-05-29,962.9447549244887
1983-03-16,819.0466152200098
1981-08-21,1098.260273908994
1986-09-14,1022.8190446463859
1985-12-13,876.2483751483325
1987-10-30,1096.3553694967504
1990-11-13,972.6530767839512
1987-04-05,926.8649017438953
1986-09-25,869.2408841194041
1985-08-29,1246.2040376948764
1988-09-06,1095.213150012361
1983-11-19,1199.328659892121
1982-04-22,903.3240063518712
1983-08-20,1226.406148814664
1990-12-01,1048.3007225642937
1988-07-06,1028.7132102571534
1990-08-08,970.7724613944107
1982-10-09,823.0269935253918
1990-04-07,893.0899993960069
1984-05-10,998.3853551671992
1984-03-11,1103.4066689918807
1984-11-23,917.7913503822028
1990-01-13,925.5419161387358
1985-03-16,918.4200517396835
1990-09-23,996.8289993349485
1984-07-31,1008.5184123394822
1990-07-20,986.4930391323699
1988-10-27,1094.9447585946307
1985-05-31,973.7795386380163
1981-06-17,1523.5512826446761
1985-09-09,892.4491446777295
1983-08-22,962.8958762948774
1989-11-18,1077.5318544928255
1988-11-17,937.815840965938
1990-09-15,1095.6681741021657
1983-06-04,1100.7030263478357
1986-04-12,752.900102470074
1989-02-18,885.3426868619788
1986-03-08,998.5363137396622
1987-01-18,968.921951248424
1981-04-16,1098.453934754015
1990-06-04,979.0920203436052
1988-01-10,900.7019595590124
1989-09-28,1191.2119657694243
1981-09-18,1023.9052371669768
1981-04-21,761.5907082983138
1984-12-23,930.6542122778009
1984-12-21,837.2046388995037
1985-07-15,984.6800977289188
1982-08-17,1026.8456080555977
1982-09-27,839.3959087546793
1985-09-01,963.2974279655914
1989-10-06,928.619257630627
1986-10-11,1085.8606741061901
1987-01-17,1024.1707952956854
1982-02-15,1096.8129986383146
1984-03-07,1142.432703578606
1987-03-14,1124.490357440601
1988-11-11,1034.461443688578
1985-08-18,1019.4589256565432
1989-09-15,1026.0398155120233
1990-05-11,921.5497126707126
1986-08-27,1070.81589496472
1989-05-30,1023.5622664000759
1990-06-25,1183.837984892472
1989-07-15,1444.687942540962
1982-04-05,999.4306466547376
1987-04-29,922.6055966843288
1984-08-27,1250.3192159556882
1989-02-01,1113.5860364712617
1986-08-20,810.240959461651
1983-06-07,905.8828452691096
1990-09-18,1166.967206974562
1982-09-23,1060.8875017409837
1987-07-30,893.8183269538522
1990-03-29,972.1668484676259
1985-12-01,955.0083846443639
1981-09-27,1028.61347614929
1985-07-01,1001.2336606939488
1984-12-16,816.4833633374003
1987-01-16,1047.0381348035064
1986-06-01,1102.2510918254704
1987-12-04,1063.5266145760763
1985-12-16,1012.3877731332142
1982-10-10,1055.2603796836001
1990-12-15,1042.8557527638534
1987-07-22,1054.1452284599534
1988-02-20,987.7384824386635
1990-06-08,1277.8119233489808
1986-05-22,1076.5804684959737
1989-03-05,959.1586716216091
1982-05-11,1107.9461190605218
1986-01-26,805.5033181620855
1985-10-09,1071.1363860642286
1988-12-29,985.0959944068246
1989-11-03,1046.2676848464416
1981-06-03,939.880222582134
1985-03-23,1168.6241554380897
1986-06-18,994.8718718488417
1984-10-08,886.4495488183824
1987-09-25,983.9737686102509
1990-10-11,821.041580673817
1989-03-31,927.6410431624926
1988-09-20,1054.1957981786345
1982-10-29,955.4312979267074
1985-12-08,960.6701097233686
1987-11-25,1011.3105301337959
1981-07-13,924.7501074859576
1984-02-29,997.5539646732946
1989-12-26,967.7459273732082
1982-09-08,993.7473531862452
1987-01-09,1009.2569446173412
1988-09-08,1050.0214749389386
1986-04-23,986.0132879139796
1989-04-27,757.8001743893944
1981-07-24,959.5720796109757
1989-01-19,890.9232453792077
1987-05-25,1184.9795002988362
1981-10-28,671.9728613905444
1983-02-13,652.4655967654978
1982-02-12,1100.6612533427608
1981-05-10,926.1505782497454
1989-12-09,1024.791856619011
1981-07-29,1285.387476935041
1983-04-23,834.5845412119911
1987-04-22,1073.1412315362845
1984-12-17,991.6674710192442
1985-10-08,970.7141342018992
1985-08-31,1199.6462601936212
1990-09-30,895.0671508453136
1985-09-12,943.6848993594045
1990-09-20,961.6843469960291
1984-03-06,663.762799213257
1985-07-28,1207.3876802863128
1987-09-07,878.8219738049278
1990-05-18,1120.2750048955004
1985-11-03,1180.4189999843074
1983-05-12,1042.6439318633397
1985-05-17,1340.9337454524891
1987-03-26,892.6079728892321
1982-10-11,1140.232065314365
1981-01-09,957.984422557055
1986-12-09,914.279258112446
1982-12-07,1113.4006398543086
1990-10-12,990.6698999678393
1989-03-28,790.8346628954569
1985-07-03,710.489654144178
1989-09-29,1123.2828075828113
1984-07-22,1299.6780143023898
1990-07-08,829.1057659611869
1987-11-03,1015.6540320855233
1985-03-09,1061.5568268926368
1986-02-05,1014.7280152200309
1984-02-18,966.9559865112163
1990-01-27,1048.3393567398684
1990-08-28,1200.066391142928
1985-06-28,1087.660535031473
1986-06-30,1545.5182325436986
1982-11-02,1111.8948569900656
1982-11-22,844.7188846724222
1984-06-18,1030.0911403982443
1990-06-01,1131.4741428368293
1981-11-21,926.149772006041
1982-10-18,1257.2333510276817
1984-12-12,963.0642222404606
1985-01-27,744.713023991188
1982-12-18,868.4547970875924
1984-07-13,1298.1083359162465
1985-11-12,900.4734465684097
1983-09-07,806.2056475541874
1988-05-07,1037.5106498465584
1988-05-12,796.4121013852114
1984-08-06,933.2476312964894
1984-11-08,1030.2903088042065
1984-11-16,771.6988828670289
1990-01-19,980.4803152713364
1987-02-24,1164.130956486085
1990-01-25,1008.1874672635647
1985-02-13,848.2775588892529
1990-05-22,1189.0718445586895
1986-08-09,1393.2084926074372
1985-03-18,997.4675663462274
1985-07-30,1153.094338589065
1984-09-23,935.4623847384959
1990-09-26,1139.5742723426204
1990-10-22,868.1257746762245
1985-07-10,1272.012221695402
1983-11-25,1022.1514094715699
1983-03-14,926.9864245984404
1988-05-25,1072.8565390431781
1989-05-28,955.6222888276118
1985-05-25,1249.2125949025735
1988-02-26,1013.4829197608365
1988-06-30,842.0096000770649
1988-03-18,1044.6874257774584
1986-01-02,728.6975943026146
1989-09-02,1020.9049631063548
1990-02-06,901.3888062598242
1985-09-27,1288.3507761787616
1984-04-05,1070.4539490429106
1988-01-25,1116.1849120914496
1983-12-03,792.5798370205724
1982-07-02,1424.9656877818375
1989-11-26,815.1630968241706
1985-08-14,1096.2320996726066
1988-09-05,933.9628117353128
1990-08-17,981.5881549979317
1987-12-16,1057.6981841400275
1985-11-01,1188.9941242764664
1986-04-16,802.3275730947629
1981-04-13,1022.8242096303812
1983-10-25,918.6697506957926
1982-07-25,1182.7886424893227
1990-02-04,1208.8155873360802
1988-08-30,732.1187139077567
1983-05-21,1142.1042274675349
1985-02-01,1126.217081959757
1989-01-27,933.9488605754458
1986-03-05,804.9327656806671
1983-11-12,976.7838673057053
1981-08-02,1177.42399025992
1982-02-04,973.1781503814889
1988-10-21,961.2265196179436
1983-05-28,943.4892359660895
1982-02-09,746.9286803160629
1988-09-23,1183.407192055906
1990-08-06,1124.3800092013826
1990-01-12,1053.95063393118
1983-11-02,1032.8352086393338
1988-05-22,945.3003732364828
1985-02-02,855.6458818584925
1988-04-22,778.717901045414
1983-08-26,1306.4585622404145
1985-04-28,1006.7350601470368
1988-08-13,1148.7041035434372
1986-03-19,1043.9503597226546
1988-07-02,1411.6795126909965
1986-11-25,1136.2902832333225
1983-03-23,984.4088894428191
1985-10-26,1127.8162899712897
1987-09-29,1109.294028600486
1982-05-25,861.7891282808479
1989-07-26,1251.607170260431
1989-07-11,900.2119002722416
1989-03-06,844.0479589034265
1983-02-26,970.2765015035917
1986-02-15,874.4957485978996
1981-07-27,863.3979350125805
1986-12-31,973.8282656593524
1989-07-06,1011.137687658103
1986-09-28,861.9700958213162
1989-06-02,1441.7441183050723
1987-04-06,1022.8120433326093
1985-12-10,816.1870429764836
1982-01-21,1099.2750684455589
1987-06-03,889.0259646373686
1982-03-02,1086.2069789665306
1985-09-03,1094.4095543622539
1982-02-03,976.9814413689057
1988-04-02,976.7590112633658
1985-03-11,627.3115774355686
1984-03-15,960.9710418450579
1989-08-10,773.5840939793624
1985-02-12,993.7473726925049
1988-05-27,1127.578207606942
1986-07-29,1197.0074876384178
1984-03-05,975.2356431905313
1984-10-06,1353.0458429380535
1988-01-21,869.4387107663541
1981-03-13,1175.4619574188876
1986-09-02,1111.9683541077259
1984-04-02,921.8447781299476
1989-07-19,1334.3576453111602
1982-05-15,1294.5952408034107
1982-01-22,1053.8709295304145
1987-02-22,1099.1773700353344
1983-02-10,1015.8549291030521
1987-03-23,970.9297769521878
1983-03-10,976.638903445219
1983-12-20,1049.8972887654486
1983-06-05,1264.594646153257
1981-12-11,928.7381804457044
1988-08-07,870.4157975497292
1987-06-10,1079.00739353621
1983-10-21,1004.1615833788771
1984-07-06,1413.953241218774
1990-09-13,776.5891422692952
1982-04-08,862.725799920501
1990-03-06,1022.0012245463038
1983-04-03,1360.7828310601335
1987-05-15,1140.4401072745284
1983-09-30,808.1012981271112
1986-06-13,1019.8913907256155
1981-07-28,1100.847812385423
1981-06-18,1267.6667234353501
1985-05-07,1087.5251497149766
1988-08-17,921.5757732494791
1987-09-24,932.5379768313935
1982-12-11,1081.697820570056
1985-02-17,1131.4588761206453
1984-02-11,1041.2878036437694
1988-03-06,1026.9666222069009
1990-07-03,935.1999843323808
1983-10-26,908.6245416597121
1989-06-10,1052.7579591607107
1990-07-01,1110.2002904075387
1985-05-13,1261.6360866716964
1986-05-18,977.6720621302392
1989-08-28,1066.5874588282431
1987-03-12,1024.202066654835
1981-02-11,1044.0983090503087
1983-02-22,763.3332139594371
1988-01-09,1121.4534030593804
1990-08-10,1024.5061565626665
1985-01-26,951.7576703666334
1989-04-01,944.5610996919445
1984-10-29,611.797935351317
1986-11-18,605.4912752343672
1984-10-02,972.955173801624
1989-02-02,1008.7388966745941
1988-03-05,1139.7859373392303
1990-05-20,888.5336268567248
1988-10-03,932.0205540813665
1986-08-12,1278.2097202601333
1981-09-06,1116.1212671350531
1986-09-01,1192.5001187665855
1987-06-30,998.5158809968945
1982-08-31,945.8169282550758
1987-09-10,870.5615910974927
1984-07-28,962.4413429171867
1987-02-01,896.031690930084
1988-12-06,1160.5797204866665
1986-09-08,925.6560473481986
1982-10-16,930.1620250795795
1990-10-06,872.5213676644571
1989-10-17,1142.5193809309494
1985-03-17,1018.9187599966467
1988-11-27,905.1438721483141
1984-06-28,1222.8445293492837
1986-03-23,848.6867306359475
1982-07-24,1212.4888955192919
1990-11-16,953.1572278375086
1988-07-05,1068.9520319045746
1989-04-03,935.2774479607849
1981-07-16,1108.1675970912993
1985-12-20,1099.5216946365656
1983-09-10,889.76919557348
1988-07-18,946.2529824841989
1990-09-27,1075.3087195575424
1986-08-18,991.9098175137019
1988-01-11,930.5887897945581
1983-12-26,971.885444681127
1982-04-27,1007.4300083951017
1988-12-22,1095.3395409514599
1983-01-25,930.9373838417993
1987-04-28,1082.3331051438638
1981-01-29,896.2316828510985
1990-04-18,932.593489035618
1982-04-12,1017.2686562331263
1984-04-06,696.9363418065427
1987-05-22,1110.7354005625334
1983-08-21,1065.5662547775992
1984-05-07,1184.6747997346072
1987-09-08,1174.2041011493552
1988-11-01,873.5956466148899
1990-07-27,1107.545861173385
1985-03-04,998.5830477679416
1987-07-28,1200.1420357247448
1983-02-16,1007.6049690589005
1990-04-13,998.6289774368888
1985-08-21,1347.4606600827647
1981-05-18,1297.8456576959177
1989-01-07,899.0837335291556
1989-09-16,1231.9774397970536
1990-06-16,1195.0168873561795
1986-11-14,968.0482696917171
1985-01-30,1091.9111496475089
1981-12-04,947.1847250959237
1984-05-30,892.9850609574515
1982-04-19,1293.2134014740216
1986-12-18,866.2263077653837
1985-07-05,1342.7651876854386
1989-06-29,1156.0689929248
1984-01-08,1089.2531853215166
1984-02-12,979.1348306196983
1984-07-25,1282.4783005247518
1983-05-18,1342.3118836979434
1990-08-18,1182.9752236700997
1989-09-19,1021.1612530534965
